date,regime,composite_score
2018-01-01,Bear,-1.0543
2018-01-02,Bear,-1.178
2018-01-03,Bear,-1.1795
2018-01-04,Bear,-1.1653
2018-01-05,Bear,-1.2751
2018-01-06,Bear,-1.326
2018-01-07,Bear,-1.2285
2018-01-08,Bear,-1.0987
2018-01-09,Bear,-1.0454
2018-01-10,Bear,-1.0526
2018-01-11,Bear,-0.9763
2018-01-12,Bear,-1.0019
2018-01-13,Bear,-1.1031
2018-01-14,Bear,-0.985
2018-01-15,Bear,-0.9835
2018-01-16,Bear,-0.8057
2018-01-17,Bear,-0.7812
2018-01-18,Bear,-0.7943
2018-01-19,Bear,-0.7759
2018-01-20,Bear,-0.9934
2018-01-21,Bear,-0.8007
2018-01-22,Bear,-0.7213
2018-01-23,Bear,-0.7603
2018-01-24,Bear,-0.7762
2018-01-25,Bear,-0.7411
2018-01-26,Bear,-0.7457
2018-01-27,Bear,-0.8588
2018-01-28,Bear,-0.774
2018-01-29,Bear,-0.7442
2018-01-30,Bear,-0.6012
2018-01-31,Bear,-0.6274
2018-02-01,Neutral,-0.2495
2018-02-02,Neutral,-0.1151
2018-02-03,Neutral,-0.333
2018-02-04,Neutral,-0.1985
2018-02-05,Neutral,-0.0046
2018-02-06,Neutral,-0.1127
2018-02-07,Neutral,-0.106
2018-02-08,Neutral,-0.1992
2018-02-09,Neutral,-0.1842
2018-02-10,Neutral,-0.2429
2018-02-11,Neutral,-0.1898
2018-02-12,Neutral,-0.1992
2018-02-13,Neutral,-0.1783
2018-02-14,Neutral,-0.2668
2018-02-15,Neutral,-0.3799
2018-02-16,Neutral,-0.4034
2018-02-17,Bear,-0.5072
2018-02-18,Neutral,-0.4656
2018-02-19,Bear,-0.5035
2018-02-20,Bear,-0.5448
2018-02-21,Neutral,-0.4629
2018-02-22,Neutral,-0.4053
2018-02-23,Neutral,-0.3874
2018-02-24,Neutral,-0.3362
2018-02-25,Neutral,-0.3285
2018-02-26,Neutral,-0.3786
2018-02-27,Neutral,-0.4587
2018-02-28,Neutral,-0.3299
2018-03-01,Neutral,-0.4565
2018-03-02,Neutral,-0.4483
2018-03-03,Bear,-0.4831
2018-03-04,Bear,-0.4697
2018-03-05,Bear,-0.4517
2018-03-06,Neutral,-0.3791
2018-03-07,Neutral,-0.324
2018-03-08,Neutral,-0.2537
2018-03-09,Neutral,-0.266
2018-03-10,Neutral,-0.2278
2018-03-11,Neutral,-0.249
2018-03-12,Neutral,-0.2378
2018-03-13,Neutral,-0.2284
2018-03-14,Neutral,-0.0956
2018-03-15,Neutral,-0.1296
2018-03-16,Neutral,-0.1395
2018-03-17,Neutral,-0.0926
2018-03-18,Neutral,-0.1029
2018-03-19,Neutral,-0.0935
2018-03-20,Neutral,-0.1688
2018-03-21,Neutral,-0.1466
2018-03-22,Neutral,-0.1205
2018-03-23,Neutral,-0.1324
2018-03-24,Neutral,-0.0858
2018-03-25,Neutral,-0.0765
2018-03-26,Neutral,-0.0176
2018-03-27,Neutral,0.0233
2018-03-28,Neutral,-0.0018
2018-03-29,Neutral,0.1577
2018-03-30,Neutral,0.2827
2018-03-31,Neutral,0.1707
2018-04-01,Bull,0.2803
2018-04-02,Neutral,0.2533
2018-04-03,Neutral,0.1072
2018-04-04,Bull,0.2996
2018-04-05,Bull,0.254
2018-04-06,Bull,0.3427
2018-04-07,Neutral,0.2787
2018-04-08,Neutral,0.2623
2018-04-09,Bull,0.2585
2018-04-10,Bull,0.3364
2018-04-11,Neutral,0.2002
2018-04-12,Neutral,0.1064
2018-04-13,Neutral,0.0818
2018-04-14,Neutral,-0.037
2018-04-15,Neutral,-0.1123
2018-04-16,Neutral,0.0329
2018-04-17,Neutral,0.1329
2018-04-18,Neutral,0.0715
2018-04-19,Neutral,-0.0126
2018-04-20,Neutral,-0.0077
2018-04-21,Neutral,0.0444
2018-04-22,Neutral,-0.0123
2018-04-23,Neutral,-0.019
2018-04-24,Neutral,0.0379
2018-04-25,Neutral,0.0177
2018-04-26,Neutral,-0.0623
2018-04-27,Neutral,0.0748
2018-04-28,Neutral,0.1249
2018-04-29,Neutral,0.1156
2018-04-30,Neutral,0.0389
2018-05-01,Neutral,0.099
2018-05-02,Neutral,-0.0
2018-05-03,Neutral,0.0471
2018-05-04,Neutral,0.0285
2018-05-05,Neutral,0.1096
2018-05-06,Neutral,0.0862
2018-05-07,Neutral,0.1063
2018-05-08,Neutral,0.1014
2018-05-09,Neutral,0.0878
2018-05-10,Neutral,0.0124
2018-05-11,Neutral,0.1998
2018-05-12,Neutral,0.2064
2018-05-13,Neutral,0.1875
2018-05-14,Neutral,0.073
2018-05-15,Neutral,0.2016
2018-05-16,Neutral,0.2591
2018-05-17,Neutral,0.1432
2018-05-18,Neutral,0.2918
2018-05-19,Neutral,0.264
2018-05-20,Neutral,0.1947
2018-05-21,Neutral,0.1665
2018-05-22,Neutral,0.2833
2018-05-23,Neutral,0.3403
2018-05-24,Neutral,0.3095
2018-05-25,Neutral,0.395
2018-05-26,Bull,0.5025
2018-05-27,Bull,0.4239
2018-05-28,Bull,0.4772
2018-05-29,Neutral,0.4427
2018-05-30,Neutral,0.4256
2018-05-31,Neutral,0.4411
2018-06-01,Neutral,0.4432
2018-06-02,Bull,0.4546
2018-06-03,Neutral,0.349
2018-06-04,Neutral,0.4338
2018-06-05,Neutral,0.4907
2018-06-06,Neutral,0.4214
2018-06-07,Neutral,0.4587
2018-06-08,Neutral,0.4719
2018-06-09,Bull,0.5787
2018-06-10,Bull,0.6182
2018-06-11,Bull,0.6433
2018-06-12,Bull,0.7138
2018-06-13,Bull,0.6918
2018-06-14,Bull,0.7205
2018-06-15,Bull,0.7542
2018-06-16,Bull,0.7221
2018-06-17,Bull,0.7119
2018-06-18,Bull,0.6776
2018-06-19,Bull,0.7146
2018-06-20,Bull,0.7063
2018-06-21,Bull,0.5482
2018-06-22,Bull,0.8282
2018-06-23,Bull,0.8585
2018-06-24,Bull,0.791
2018-06-25,Bull,0.8055
2018-06-26,Bull,0.7429
2018-06-27,Bull,0.8194
2018-06-28,Bull,0.8643
2018-06-29,Bull,0.8083
2018-06-30,Bull,0.8461
2018-07-01,Bull,0.7131
2018-07-02,Bull,0.6773
2018-07-03,Bull,0.7405
2018-07-04,Bull,0.6422
2018-07-05,Bull,0.7651
2018-07-06,Bull,0.734
2018-07-07,Bull,0.775
2018-07-08,Bull,0.7256
2018-07-09,Bull,0.7271
2018-07-10,Bull,0.7489
2018-07-11,Bull,0.7882
2018-07-12,Bull,0.8387
2018-07-13,Bull,0.8302
2018-07-14,Bull,0.8659
2018-07-15,Bull,0.7149
2018-07-16,Bull,0.6585
2018-07-17,Bull,0.6421
2018-07-18,Bull,0.6694
2018-07-19,Bull,0.5697
2018-07-20,Bull,0.6184
2018-07-21,Bull,0.6242
2018-07-22,Bull,0.554
2018-07-23,Bull,0.5465
2018-07-24,Neutral,0.5078
2018-07-25,Neutral,0.4849
2018-07-26,Neutral,0.5483
2018-07-27,Neutral,0.4653
2018-07-28,Bull,0.5216
2018-07-29,Neutral,0.5226
2018-07-30,Neutral,0.4901
2018-07-31,Neutral,0.507
2018-08-01,Bull,0.5296
2018-08-02,Bull,0.5779
2018-08-03,Bull,0.6284
2018-08-04,Bull,0.7344
2018-08-05,Bull,0.6454
2018-08-06,Bull,0.6986
2018-08-07,Bull,0.7287
2018-08-08,Bull,0.7783
2018-08-09,Bull,0.7683
2018-08-10,Bull,0.7488
2018-08-11,Bull,0.875
2018-08-12,Bull,0.7831
2018-08-13,Bull,0.7236
2018-08-14,Bull,0.8432
2018-08-15,Bull,0.8315
2018-08-16,Bull,0.7386
2018-08-17,Bull,0.6921
2018-08-18,Bull,0.8898
2018-08-19,Bull,0.6587
2018-08-20,Bull,0.7598
2018-08-21,Bull,0.7244
2018-08-22,Bull,0.7459
2018-08-23,Bull,0.7041
2018-08-24,Bull,0.7396
2018-08-25,Bull,0.7458
2018-08-26,Bull,0.6624
2018-08-27,Bull,0.6561
2018-08-28,Bull,0.6422
2018-08-29,Bull,0.6271
2018-08-30,Bull,0.6483
2018-08-31,Bull,0.766
2018-09-01,Bull,0.7279
2018-09-02,Bull,0.6551
2018-09-03,Bull,0.7504
2018-09-04,Bull,0.7395
2018-09-05,Bull,0.8182
2018-09-06,Bull,0.8301
2018-09-07,Bull,0.8784
2018-09-08,Bull,0.9659
2018-09-09,Bull,0.8375
2018-09-10,Bull,0.793
2018-09-11,Bull,0.9031
2018-09-12,Bull,0.8961
2018-09-13,Bull,0.8353
2018-09-14,Bull,0.8263
2018-09-15,Bull,0.9113
2018-09-16,Bull,0.8201
2018-09-17,Bull,0.8262
2018-09-18,Bull,0.8978
2018-09-19,Bull,0.8676
2018-09-20,Bull,0.8629
2018-09-21,Bull,0.8367
2018-09-22,Bull,0.9081
2018-09-23,Bull,0.7631
2018-09-24,Bull,0.8235
2018-09-25,Bull,0.8791
2018-09-26,Bull,0.8448
2018-09-27,Bull,0.8149
2018-09-28,Bull,0.7718
2018-09-29,Bull,0.942
2018-09-30,Bull,0.8121
2018-10-01,Bull,0.8728
2018-10-02,Bull,0.8441
2018-10-03,Bull,0.8698
2018-10-04,Bull,0.8768
2018-10-05,Bull,0.8502
2018-10-06,Bull,0.9129
2018-10-07,Bull,0.8561
2018-10-08,Bull,0.7813
2018-10-09,Bull,0.8057
2018-10-10,Bull,0.8056
2018-10-11,Bull,0.933
2018-10-12,Bull,0.8705
2018-10-13,Bull,0.9956
2018-10-14,Bull,0.9237
2018-10-15,Bull,0.8705
2018-10-16,Bull,0.8819
2018-10-17,Bull,0.8928
2018-10-18,Bull,0.9012
2018-10-19,Bull,0.7955
2018-10-20,Bull,0.9722
2018-10-21,Bull,0.8636
2018-10-22,Bull,0.8627
2018-10-23,Bull,0.8766
2018-10-24,Bull,0.892
2018-10-25,Bull,0.8972
2018-10-26,Bull,0.8842
2018-10-27,Bull,0.9567
2018-10-28,Bull,0.8856
2018-10-29,Bull,0.8784
2018-10-30,Bull,0.9082
2018-10-31,Bull,0.9157
2018-11-01,Bull,0.9093
2018-11-02,Bull,0.8392
2018-11-03,Bull,0.9927
2018-11-04,Bull,0.8488
2018-11-05,Bull,0.8797
2018-11-06,Bull,0.8667
2018-11-07,Bull,0.8077
2018-11-08,Bull,0.8136
2018-11-09,Bull,0.8225
2018-11-10,Bull,0.9477
2018-11-11,Bull,0.8375
2018-11-12,Bull,0.8211
2018-11-13,Bull,0.8817
2018-11-14,Bull,0.9384
2018-11-15,Bull,1.0221
2018-11-16,Bull,1.0318
2018-11-17,Bull,1.1272
2018-11-18,Bull,0.979
2018-11-19,Bull,1.2645
2018-11-20,Bull,1.2277
2018-11-21,Bull,1.3466
2018-11-22,Bull,1.3406
2018-11-23,Bull,1.3776
2018-11-24,Bull,1.5299
2018-11-25,Bull,1.4572
2018-11-26,Bull,1.5004
2018-11-27,Bull,1.4868
2018-11-28,Bull,1.357
2018-11-29,Bull,1.2863
2018-11-30,Bull,1.4134
2018-12-01,Bull,1.3231
2018-12-02,Bull,1.4359
2018-12-03,Bull,1.3131
2018-12-04,Bull,1.3189
2018-12-05,Bull,1.4971
2018-12-06,Bull,1.5028
2018-12-07,Bull,1.5274
2018-12-08,Bull,1.5924
2018-12-09,Bull,1.5056
2018-12-10,Bull,1.5183
2018-12-11,Bull,1.5286
2018-12-12,Bull,1.5169
2018-12-13,Bull,1.5347
2018-12-14,Bull,1.5394
2018-12-15,Bull,1.6008
2018-12-16,Bull,1.5396
2018-12-17,Bull,1.5083
2018-12-18,Bull,1.5028
2018-12-19,Bull,1.49
2018-12-20,Bull,1.4373
2018-12-21,Bull,1.4758
2018-12-22,Bull,1.5269
2018-12-23,Bull,1.4571
2018-12-24,Bull,1.4337
2018-12-25,Bull,1.4819
2018-12-26,Bull,1.4774
2018-12-27,Bull,1.4968
2018-12-28,Bull,1.4633
2018-12-29,Bull,1.5295
2018-12-30,Bull,1.4716
2018-12-31,Bull,1.4841
2019-01-01,Bull,1.4716
2019-01-02,Bull,1.4587
2019-01-03,Bull,1.4745
2019-01-04,Bull,1.47
2019-01-05,Bull,1.5412
2019-01-06,Bull,1.4314
2019-01-07,Bull,1.4375
2019-01-08,Bull,1.438
2019-01-09,Bull,1.4367
2019-01-10,Bull,1.4873
2019-01-11,Bull,1.4852
2019-01-12,Bull,1.5541
2019-01-13,Bull,1.503
2019-01-14,Bull,1.3761
2019-01-15,Bull,1.3149
2019-01-16,Bull,1.355
2019-01-17,Bull,1.4819
2019-01-18,Bull,1.4836
2019-01-19,Bull,1.544
2019-01-20,Bull,1.4958
2019-01-21,Bull,1.399
2019-01-22,Bull,1.4895
2019-01-23,Bull,1.4941
2019-01-24,Bull,1.491
2019-01-25,Bull,1.4916
2019-01-26,Bull,1.5608
2019-01-27,Bull,1.4932
2019-01-28,Bull,1.5084
2019-01-29,Bull,1.511
2019-01-30,Bull,1.5038
2019-01-31,Bull,1.5078
2019-02-01,Bull,1.5026
2019-02-02,Bull,1.5691
2019-02-03,Bull,1.5094
2019-02-04,Bull,1.5076
2019-02-05,Bull,1.5037
2019-02-06,Bull,1.5121
2019-02-07,Bull,1.5119
2019-02-08,Bull,1.4753
2019-02-09,Bull,1.5435
2019-02-10,Bull,1.4701
2019-02-11,Bull,1.4747
2019-02-12,Bull,1.4763
2019-02-13,Bull,1.4748
2019-02-14,Bull,1.474
2019-02-15,Bull,1.4699
2019-02-16,Bull,1.5369
2019-02-17,Bull,1.4615
2019-02-18,Bull,1.4294
2019-02-19,Bull,1.4176
2019-02-20,Bull,1.2822
2019-02-21,Bull,1.4066
2019-02-22,Bull,1.3892
2019-02-23,Bull,1.4359
2019-02-24,Bull,1.4126
2019-02-25,Bull,1.4045
2019-02-26,Bull,1.4068
2019-02-27,Bull,1.4047
2019-02-28,Bull,1.3433
2019-03-01,Bull,1.397
2019-03-02,Bull,1.4762
2019-03-03,Bull,1.3938
2019-03-04,Bull,1.3995
2019-03-05,Bull,1.3842
2019-03-06,Bull,1.3786
2019-03-07,Bull,1.3704
2019-03-08,Bull,1.3697
2019-03-09,Bull,1.4361
2019-03-10,Bull,1.3465
2019-03-11,Bull,1.3549
2019-03-12,Bull,1.3489
2019-03-13,Bull,1.3507
2019-03-14,Bull,1.3458
2019-03-15,Bull,1.3318
2019-03-16,Bull,1.3995
2019-03-17,Bull,1.3046
2019-03-18,Bull,1.2977
2019-03-19,Bull,1.2819
2019-03-20,Bull,1.2814
2019-03-21,Bull,1.2939
2019-03-22,Bull,1.2941
2019-03-23,Bull,1.391
2019-03-24,Bull,1.3078
2019-03-25,Bull,1.3292
2019-03-26,Bull,1.3328
2019-03-27,Bull,1.3112
2019-03-28,Bull,1.31
2019-03-29,Bull,1.2005
2019-03-30,Bull,1.3805
2019-03-31,Bull,1.2719
2019-04-01,Bull,1.253
2019-04-02,Bull,1.0899
2019-04-03,Bull,0.9174
2019-04-04,Bull,1.0211
2019-04-05,Bull,0.9306
2019-04-06,Bull,1.0652
2019-04-07,Bull,0.8914
2019-04-08,Bull,0.8705
2019-04-09,Bull,0.881
2019-04-10,Bull,0.7758
2019-04-11,Bull,0.8642
2019-04-12,Bull,0.7768
2019-04-13,Bull,0.9735
2019-04-14,Bull,0.8875
2019-04-15,Bull,0.8982
2019-04-16,Bull,0.8741
2019-04-17,Bull,0.8322
2019-04-18,Bull,0.8019
2019-04-19,Bull,0.8552
2019-04-20,Bull,0.952
2019-04-21,Bull,0.8462
2019-04-22,Bull,0.784
2019-04-23,Bull,0.6986
2019-04-24,Bull,0.7842
2019-04-25,Bull,0.8238
2019-04-26,Bull,0.824
2019-04-27,Bull,0.9366
2019-04-28,Bull,0.8318
2019-04-29,Bull,0.8338
2019-04-30,Bull,0.8067
2019-05-01,Bull,0.819
2019-05-02,Bull,0.8122
2019-05-03,Bull,0.7372
2019-05-04,Bull,0.8087
2019-05-05,Bull,0.6395
2019-05-06,Bull,0.67
2019-05-07,Bull,0.7069
2019-05-08,Bull,0.6529
2019-05-09,Bull,0.652
2019-05-10,Bull,0.5473
2019-05-11,Bull,0.4755
2019-05-12,Neutral,0.3745
2019-05-13,Neutral,0.2206
2019-05-14,Neutral,0.1703
2019-05-15,Neutral,0.1625
2019-05-16,Neutral,0.2142
2019-05-17,Neutral,0.3377
2019-05-18,Neutral,0.2919
2019-05-19,Neutral,0.1485
2019-05-20,Neutral,0.195
2019-05-21,Neutral,0.2046
2019-05-22,Neutral,0.2221
2019-05-23,Neutral,0.1754
2019-05-24,Neutral,0.1642
2019-05-25,Neutral,0.0821
2019-05-26,Neutral,0.0693
2019-05-27,Neutral,0.035
2019-05-28,Neutral,0.0424
2019-05-29,Neutral,0.0271
2019-05-30,Neutral,0.0843
2019-05-31,Neutral,0.0311
2019-06-01,Neutral,0.0139
2019-06-02,Neutral,0.0094
2019-06-03,Neutral,-0.03
2019-06-04,Neutral,0.2595
2019-06-05,Neutral,0.2024
2019-06-06,Neutral,0.171
2019-06-07,Neutral,0.1243
2019-06-08,Neutral,0.0947
2019-06-09,Neutral,0.1761
2019-06-10,Neutral,0.1366
2019-06-11,Neutral,0.1639
2019-06-12,Neutral,0.1329
2019-06-13,Neutral,0.1244
2019-06-14,Neutral,0.0101
2019-06-15,Neutral,0.0049
2019-06-16,Neutral,0.0179
2019-06-17,Neutral,-0.002
2019-06-18,Neutral,0.016
2019-06-19,Neutral,-0.0179
2019-06-20,Neutral,-0.0406
2019-06-21,Neutral,-0.1067
2019-06-22,Neutral,-0.2291
2019-06-23,Neutral,-0.2239
2019-06-24,Neutral,-0.2546
2019-06-25,Neutral,-0.2831
2019-06-26,Neutral,-0.4101
2019-06-27,Neutral,-0.2695
2019-06-28,Neutral,-0.3859
2019-06-29,Neutral,-0.4344
2019-06-30,Neutral,-0.4068
2019-07-01,Neutral,-0.1997
2019-07-02,Neutral,-0.2398
2019-07-03,Neutral,-0.3345
2019-07-04,Neutral,-0.3103
2019-07-05,Neutral,-0.2224
2019-07-06,Neutral,-0.3646
2019-07-07,Neutral,-0.3017
2019-07-08,Neutral,-0.4071
2019-07-09,Neutral,-0.4704
2019-07-10,Neutral,-0.3975
2019-07-11,Neutral,-0.2682
2019-07-12,Neutral,-0.3494
2019-07-13,Neutral,-0.3712
2019-07-14,Neutral,-0.2116
2019-07-15,Neutral,-0.2728
2019-07-16,Neutral,-0.1079
2019-07-17,Neutral,-0.1267
2019-07-18,Neutral,-0.2796
2019-07-19,Neutral,-0.1556
2019-07-20,Neutral,-0.3341
2019-07-21,Neutral,-0.205
2019-07-22,Neutral,-0.1182
2019-07-23,Neutral,-0.0869
2019-07-24,Neutral,-0.2497
2019-07-25,Neutral,-0.0041
2019-07-26,Neutral,-0.03
2019-07-27,Neutral,-0.0657
2019-07-28,Neutral,0.0936
2019-07-29,Neutral,-0.0389
2019-07-30,Neutral,0.1331
2019-07-31,Neutral,0.0771
2019-08-01,Neutral,0.0003
2019-08-02,Neutral,0.0285
2019-08-03,Neutral,-0.1093
2019-08-04,Neutral,0.0207
2019-08-05,Neutral,-0.0563
2019-08-06,Neutral,-0.0303
2019-08-07,Neutral,-0.087
2019-08-08,Neutral,-0.1222
2019-08-09,Neutral,-0.0894
2019-08-10,Neutral,-0.1511
2019-08-11,Neutral,-0.0233
2019-08-12,Neutral,-0.0694
2019-08-13,Neutral,0.0285
2019-08-14,Neutral,0.1005
2019-08-15,Neutral,0.0741
2019-08-16,Neutral,0.0442
2019-08-17,Neutral,-0.0148
2019-08-18,Neutral,0.0537
2019-08-19,Neutral,0.0929
2019-08-20,Neutral,0.0128
2019-08-21,Neutral,0.0623
2019-08-22,Neutral,0.0995
2019-08-23,Neutral,0.0574
2019-08-24,Neutral,0.0333
2019-08-25,Neutral,0.1243
2019-08-26,Neutral,0.0823
2019-08-27,Neutral,0.116
2019-08-28,Neutral,0.1616
2019-08-29,Neutral,0.169
2019-08-30,Neutral,0.1636
2019-08-31,Neutral,0.1049
2019-09-01,Neutral,0.1646
2019-09-02,Neutral,0.1034
2019-09-03,Neutral,0.1036
2019-09-04,Neutral,0.1285
2019-09-05,Neutral,0.1136
2019-09-06,Neutral,-0.0085
2019-09-07,Neutral,0.0147
2019-09-08,Neutral,0.1332
2019-09-09,Neutral,0.1646
2019-09-10,Neutral,0.153
2019-09-11,Neutral,0.1629
2019-09-12,Neutral,0.1495
2019-09-13,Neutral,0.1095
2019-09-14,Neutral,0.0499
2019-09-15,Neutral,0.1221
2019-09-16,Neutral,0.1578
2019-09-17,Neutral,0.1893
2019-09-18,Neutral,0.0504
2019-09-19,Neutral,0.1645
2019-09-20,Neutral,0.1555
2019-09-21,Neutral,0.0734
2019-09-22,Neutral,0.1765
2019-09-23,Bull,0.2457
2019-09-24,Neutral,0.2964
2019-09-25,Neutral,0.3484
2019-09-26,Neutral,0.3855
2019-09-27,Neutral,0.3801
2019-09-28,Bull,0.3504
2019-09-29,Neutral,0.4179
2019-09-30,Bull,0.3989
2019-10-01,Bull,0.3846
2019-10-02,Neutral,0.3741
2019-10-03,Neutral,0.3911
2019-10-04,Neutral,0.3691
2019-10-05,Neutral,0.3752
2019-10-06,Bull,0.484
2019-10-07,Bull,0.4243
2019-10-08,Bull,0.419
2019-10-09,Bull,0.3661
2019-10-10,Neutral,0.3421
2019-10-11,Bull,0.4123
2019-10-12,Neutral,0.366
2019-10-13,Bull,0.4179
2019-10-14,Neutral,0.3526
2019-10-15,Bull,0.5196
2019-10-16,Bull,0.4605
2019-10-17,Neutral,0.4424
2019-10-18,Bull,0.4996
2019-10-19,Neutral,0.4573
2019-10-20,Neutral,0.4018
2019-10-21,Bull,0.5074
2019-10-22,Bull,0.4831
2019-10-23,Bull,0.5769
2019-10-24,Bull,0.5933
2019-10-25,Bull,0.3897
2019-10-26,Bull,0.3298
2019-10-27,Bull,0.2791
2019-10-28,Neutral,0.2728
2019-10-29,Neutral,0.2633
2019-10-30,Bull,0.314
2019-10-31,Bull,0.3275
2019-11-01,Bull,0.3127
2019-11-02,Neutral,0.2598
2019-11-03,Bull,0.3126
2019-11-04,Neutral,0.2713
2019-11-05,Bull,0.3162
2019-11-06,Bull,0.3124
2019-11-07,Neutral,0.2339
2019-11-08,Bull,0.3443
2019-11-09,Bull,0.3607
2019-11-10,Bull,0.3269
2019-11-11,Neutral,0.3516
2019-11-12,Bull,0.3908
2019-11-13,Neutral,0.2799
2019-11-14,Bull,0.3915
2019-11-15,Bull,0.414
2019-11-16,Bull,0.4398
2019-11-17,Bull,0.4285
2019-11-18,Bull,0.4814
2019-11-19,Bull,0.481
2019-11-20,Bull,0.4923
2019-11-21,Bull,0.5991
2019-11-22,Bull,0.6385
2019-11-23,Bull,0.7182
2019-11-24,Bull,0.5084
2019-11-25,Bull,0.6617
2019-11-26,Bull,0.6657
2019-11-27,Bull,0.5736
2019-11-28,Bull,0.663
2019-11-29,Bull,0.6024
2019-11-30,Bull,0.6583
2019-12-01,Bull,0.6575
2019-12-02,Bull,0.6785
2019-12-03,Bull,0.6714
2019-12-04,Bull,0.7151
2019-12-05,Bull,0.6797
2019-12-06,Bull,0.6689
2019-12-07,Bull,0.7076
2019-12-08,Bull,0.6739
2019-12-09,Bull,0.7078
2019-12-10,Bull,0.7263
2019-12-11,Bull,0.8036
2019-12-12,Bull,0.7358
2019-12-13,Bull,0.7304
2019-12-14,Bull,0.813
2019-12-15,Bull,0.7283
2019-12-16,Bull,0.8075
2019-12-17,Bull,0.8037
2019-12-18,Bull,0.7179
2019-12-19,Bull,0.7262
2019-12-20,Bull,0.7349
2019-12-21,Bull,0.7829
2019-12-22,Bull,0.7275
2019-12-23,Bull,0.7674
2019-12-24,Bull,0.7206
2019-12-25,Bull,0.7539
2019-12-26,Bull,0.7469
2019-12-27,Bull,0.7915
2019-12-28,Bull,0.7844
2019-12-29,Bull,0.7126
2019-12-30,Bull,0.7411
2019-12-31,Bull,0.7965
2020-01-01,Bull,0.7563
2020-01-02,Bull,0.7799
2020-01-03,Bull,0.7505
2020-01-04,Bull,0.7963
2020-01-05,Bull,0.7497
2020-01-06,Bull,0.7283
2020-01-07,Bull,0.7025
2020-01-08,Bull,0.673
2020-01-09,Bull,0.6868
2020-01-10,Bull,0.6736
2020-01-11,Bull,0.7267
2020-01-12,Bull,0.6623
2020-01-13,Bull,0.642
2020-01-14,Bull,0.6333
2020-01-15,Bull,0.5556
2020-01-16,Bull,0.5559
2020-01-17,Bull,0.535
2020-01-18,Bull,0.6009
2020-01-19,Bull,0.5386
2020-01-20,Bull,0.5715
2020-01-21,Bull,0.5568
2020-01-22,Bull,0.5884
2020-01-23,Bull,0.5931
2020-01-24,Bull,0.5361
2020-01-25,Bull,0.6295
2020-01-26,Bull,0.5564
2020-01-27,Bull,0.5199
2020-01-28,Bull,0.5035
2020-01-29,Bull,0.4356
2020-01-30,Bull,0.4436
2020-01-31,Bull,0.4562
2020-02-01,Bull,0.5178
2020-02-02,Bull,0.5243
2020-02-03,Bull,0.4775
2020-02-04,Bull,0.4866
2020-02-05,Bull,0.4103
2020-02-06,Bull,0.3988
2020-02-07,Bull,0.3661
2020-02-08,Bull,0.4088
2020-02-09,Bull,0.3151
2020-02-10,Neutral,0.2427
2020-02-11,Bull,0.3011
2020-02-12,Bull,0.2851
2020-02-13,Bull,0.2781
2020-02-14,Bull,0.2762
2020-02-15,Bull,0.3788
2020-02-16,Bull,0.3304
2020-02-17,Bull,0.3543
2020-02-18,Bull,0.3004
2020-02-19,Bull,0.3525
2020-02-20,Bull,0.3925
2020-02-21,Bull,0.3858
2020-02-22,Bull,0.3899
2020-02-23,Bull,0.3288
2020-02-24,Bull,0.3801
2020-02-25,Bull,0.4129
2020-02-26,Bull,0.5032
2020-02-27,Bull,0.5135
2020-02-28,Bull,0.5209
2020-02-29,Bull,0.5868
2020-03-01,Bull,0.5713
2020-03-02,Bull,0.5065
2020-03-03,Bull,0.5541
2020-03-04,Bull,0.5923
2020-03-05,Bull,0.5816
2020-03-06,Bull,0.5312
2020-03-07,Bull,0.5918
2020-03-08,Bull,0.6352
2020-03-09,Bull,0.7087
2020-03-10,Bull,0.6855
2020-03-11,Bull,0.7285
2020-03-12,Bull,1.209
2020-03-13,Bull,1.2154
2020-03-14,Bull,1.3316
2020-03-15,Bull,1.2859
2020-03-16,Bull,1.3511
2020-03-17,Bull,1.2816
2020-03-18,Bull,1.2969
2020-03-19,Bull,1.0423
2020-03-20,Bull,1.0272
2020-03-21,Bull,1.0956
2020-03-22,Bull,1.1234
2020-03-23,Bull,0.996
2020-03-24,Bull,0.9364
2020-03-25,Bull,0.9231
2020-03-26,Bull,0.8451
2020-03-27,Bull,0.8671
2020-03-28,Bull,1.0981
2020-03-29,Bull,1.1961
2020-03-30,Bull,0.9966
2020-03-31,Bull,0.987
2020-04-01,Bull,0.9208
2020-04-02,Bull,0.9242
2020-04-03,Bull,0.9104
2020-04-04,Bull,0.9571
2020-04-05,Bull,0.926
2020-04-06,Bull,0.8488
2020-04-07,Bull,0.8672
2020-04-08,Bull,0.8187
2020-04-09,Bull,0.839
2020-04-10,Bull,0.9021
2020-04-11,Bull,0.961
2020-04-12,Bull,0.8259
2020-04-13,Bull,0.8928
2020-04-14,Bull,0.8911
2020-04-15,Bull,0.9313
2020-04-16,Bull,0.854
2020-04-17,Bull,0.8581
2020-04-18,Bull,0.8654
2020-04-19,Bull,0.8277
2020-04-20,Bull,0.9214
2020-04-21,Bull,0.9013
2020-04-22,Bull,0.8958
2020-04-23,Bull,0.8084
2020-04-24,Bull,0.8195
2020-04-25,Bull,0.8355
2020-04-26,Bull,0.7421
2020-04-27,Bull,0.7462
2020-04-28,Bull,0.7586
2020-04-29,Bull,0.6738
2020-04-30,Bull,0.6708
2020-05-01,Bull,0.6605
2020-05-02,Bull,0.7048
2020-05-03,Bull,0.6535
2020-05-04,Bull,0.6714
2020-05-05,Bull,0.6493
2020-05-06,Bull,0.6119
2020-05-07,Bull,0.5416
2020-05-08,Bull,0.5538
2020-05-09,Bull,0.6371
2020-05-10,Bull,0.6723
2020-05-11,Bull,0.6591
2020-05-12,Bull,0.6635
2020-05-13,Bull,0.6154
2020-05-14,Bull,0.57
2020-05-15,Bull,0.6355
2020-05-16,Bull,0.6034
2020-05-17,Bull,0.5501
2020-05-18,Bull,0.5525
2020-05-19,Bull,0.558
2020-05-20,Bull,0.5771
2020-05-21,Bull,0.6151
2020-05-22,Bull,0.5989
2020-05-23,Bull,0.6188
2020-05-24,Bull,0.6085
2020-05-25,Bull,0.6127
2020-05-26,Bull,0.6025
2020-05-27,Bull,0.5864
2020-05-28,Bull,0.5639
2020-05-29,Bull,0.6076
2020-05-30,Bull,0.5734
2020-05-31,Bull,0.5762
2020-06-01,Bull,0.4837
2020-06-02,Bull,0.549
2020-06-03,Bull,0.5209
2020-06-04,Bull,0.5335
2020-06-05,Bull,0.5351
2020-06-06,Bull,0.529
2020-06-07,Bull,0.4937
2020-06-08,Bull,0.4721
2020-06-09,Bull,0.5152
2020-06-10,Bull,0.5144
2020-06-11,Bull,0.555
2020-06-12,Bull,0.5593
2020-06-13,Bull,0.5583
2020-06-14,Bull,0.561
2020-06-15,Bull,0.5549
2020-06-16,Bull,0.5388
2020-06-17,Bull,0.5554
2020-06-18,Bull,0.5584
2020-06-19,Bull,0.5677
2020-06-20,Bull,0.5657
2020-06-21,Bull,0.5595
2020-06-22,Bull,0.5416
2020-06-23,Bull,0.5399
2020-06-24,Bull,0.5935
2020-06-25,Bull,0.586
2020-06-26,Bull,0.5707
2020-06-27,Bull,0.598
2020-06-28,Bull,0.5868
2020-06-29,Bull,0.5785
2020-06-30,Bull,0.6047
2020-07-01,Bull,0.5864
2020-07-02,Bull,0.5945
2020-07-03,Bull,0.5963
2020-07-04,Bull,0.5975
2020-07-05,Bull,0.6005
2020-07-06,Bull,0.5802
2020-07-07,Bull,0.5853
2020-07-08,Bull,0.526
2020-07-09,Bull,0.5834
2020-07-10,Bull,0.5875
2020-07-11,Bull,0.5791
2020-07-12,Bull,0.5755
2020-07-13,Bull,0.6122
2020-07-14,Bull,0.577
2020-07-15,Bull,0.5577
2020-07-16,Bull,0.5925
2020-07-17,Bull,0.601
2020-07-18,Bull,0.5841
2020-07-19,Bull,0.5586
2020-07-20,Bull,0.5836
2020-07-21,Bull,0.5795
2020-07-22,Bull,0.5381
2020-07-23,Bull,0.531
2020-07-24,Bull,0.5343
2020-07-25,Bull,0.5171
2020-07-26,Bull,0.5018
2020-07-27,Neutral,0.3823
2020-07-28,Neutral,0.3961
2020-07-29,Neutral,0.3624
2020-07-30,Neutral,0.3737
2020-07-31,Neutral,0.3125
2020-08-01,Neutral,0.3038
2020-08-02,Neutral,0.3407
2020-08-03,Neutral,0.3032
2020-08-04,Neutral,0.3061
2020-08-05,Neutral,0.2349
2020-08-06,Neutral,0.192
2020-08-07,Neutral,0.2023
2020-08-08,Neutral,0.1495
2020-08-09,Neutral,0.1564
2020-08-10,Neutral,0.1106
2020-08-11,Neutral,0.1591
2020-08-12,Neutral,0.1284
2020-08-13,Neutral,0.1046
2020-08-14,Neutral,0.0803
2020-08-15,Neutral,0.0402
2020-08-16,Neutral,0.0484
2020-08-17,Neutral,-0.0357
2020-08-18,Neutral,0.0084
2020-08-19,Neutral,0.0511
2020-08-20,Neutral,0.0448
2020-08-21,Neutral,0.0382
2020-08-22,Neutral,0.0384
2020-08-23,Neutral,0.0604
2020-08-24,Neutral,0.0415
2020-08-25,Neutral,0.0924
2020-08-26,Neutral,0.105
2020-08-27,Neutral,0.0919
2020-08-28,Neutral,0.0935
2020-08-29,Neutral,0.057
2020-08-30,Neutral,0.0702
2020-08-31,Neutral,0.0721
2020-09-01,Neutral,0.0086
2020-09-02,Neutral,0.0903
2020-09-03,Neutral,0.159
2020-09-04,Neutral,0.1698
2020-09-05,Neutral,0.1753
2020-09-06,Neutral,0.1958
2020-09-07,Neutral,0.1671
2020-09-08,Neutral,0.1966
2020-09-09,Neutral,0.2043
2020-09-10,Neutral,0.2047
2020-09-11,Neutral,0.202
2020-09-12,Neutral,0.1858
2020-09-13,Neutral,0.2214
2020-09-14,Neutral,0.204
2020-09-15,Neutral,0.1866
2020-09-16,Neutral,0.2054
2020-09-17,Neutral,0.2208
2020-09-18,Neutral,0.2311
2020-09-19,Neutral,0.208
2020-09-20,Neutral,0.2729
2020-09-21,Neutral,0.3181
2020-09-22,Neutral,0.3141
2020-09-23,Neutral,0.3703
2020-09-24,Neutral,0.3377
2020-09-25,Neutral,0.3678
2020-09-26,Neutral,0.3448
2020-09-27,Neutral,0.4104
2020-09-28,Neutral,0.4019
2020-09-29,Neutral,0.3923
2020-09-30,Neutral,0.4264
2020-10-01,Bull,0.4345
2020-10-02,Neutral,0.4233
2020-10-03,Bull,0.4076
2020-10-04,Bull,0.4307
2020-10-05,Neutral,0.4339
2020-10-06,Bull,0.4327
2020-10-07,Neutral,0.4151
2020-10-08,Neutral,0.4231
2020-10-09,Neutral,0.4064
2020-10-10,Neutral,0.3342
2020-10-11,Neutral,0.355
2020-10-12,Neutral,0.3542
2020-10-13,Neutral,0.359
2020-10-14,Neutral,0.3685
2020-10-15,Neutral,0.3632
2020-10-16,Neutral,0.3662
2020-10-17,Neutral,0.3118
2020-10-18,Neutral,0.3514
2020-10-19,Neutral,0.3323
2020-10-20,Neutral,0.3258
2020-10-21,Neutral,0.2311
2020-10-22,Neutral,0.2179
2020-10-23,Neutral,0.231
2020-10-24,Neutral,0.1357
2020-10-25,Neutral,0.1648
2020-10-26,Neutral,0.1267
2020-10-27,Neutral,0.0821
2020-10-28,Neutral,0.109
2020-10-29,Neutral,0.0874
2020-10-30,Neutral,0.054
2020-10-31,Neutral,-0.0399
2020-11-01,Neutral,-0.0066
2020-11-02,Neutral,0.0
2020-11-03,Neutral,-0.1081
2020-11-04,Neutral,-0.0601
2020-11-05,Neutral,-0.1839
2020-11-06,Neutral,-0.2276
2020-11-07,Neutral,-0.2504
2020-11-08,Neutral,-0.2334
2020-11-09,Neutral,-0.2358
2020-11-10,Neutral,-0.2514
2020-11-11,Neutral,-0.284
2020-11-12,Neutral,-0.3377
2020-11-13,Neutral,-0.3272
2020-11-14,Neutral,-0.376
2020-11-15,Neutral,-0.2876
2020-11-16,Neutral,-0.3488
2020-11-17,Neutral,-0.3978
2020-11-18,Neutral,-0.393
2020-11-19,Neutral,-0.4368
2020-11-20,Neutral,-0.4389
2020-11-21,Neutral,-0.5332
2020-11-22,Neutral,-0.4602
2020-11-23,Neutral,-0.4583
2020-11-24,Neutral,-0.4889
2020-11-25,Neutral,-0.4863
2020-11-26,Neutral,-0.3099
2020-11-27,Neutral,-0.3193
2020-11-28,Neutral,-0.5188
2020-11-29,Neutral,-0.4085
2020-11-30,Neutral,-0.5174
2020-12-01,Neutral,-0.4638
2020-12-02,Neutral,-0.4785
2020-12-03,Neutral,-0.4862
2020-12-04,Neutral,-0.4719
2020-12-05,Bear,-0.6082
2020-12-06,Neutral,-0.5051
2020-12-07,Neutral,-0.4459
2020-12-08,Neutral,-0.4504
2020-12-09,Neutral,-0.4174
2020-12-10,Neutral,-0.3759
2020-12-11,Neutral,-0.3256
2020-12-12,Neutral,-0.5453
2020-12-13,Neutral,-0.4228
2020-12-14,Neutral,-0.4388
2020-12-15,Neutral,-0.4848
2020-12-16,Neutral,-0.5586
2020-12-17,Bear,-0.6682
2020-12-18,Bear,-0.6709
2020-12-19,Bear,-0.8284
2020-12-20,Bear,-0.6675
2020-12-21,Bear,-0.6465
2020-12-22,Bear,-0.6952
2020-12-23,Bear,-0.6589
2020-12-24,Bear,-0.6578
2020-12-25,Bear,-0.7707
2020-12-26,Bear,-0.9588
2020-12-27,Bear,-0.8733
2020-12-28,Bear,-0.8685
2020-12-29,Bear,-0.8748
2020-12-30,Bear,-0.9653
2020-12-31,Bear,-0.9742
2021-01-01,Bear,-0.9836
2021-01-02,Bear,-1.1554
2021-01-03,Bear,-1.1242
2021-01-04,Bear,-1.0699
2021-01-05,Bear,-1.122
2021-01-06,Bear,-1.1929
2021-01-07,Bear,-1.2363
2021-01-08,Bear,-1.2607
2021-01-09,Bear,-1.3122
2021-01-10,Bear,-1.2264
2021-01-11,Bear,-1.101
2021-01-12,Bear,-1.0337
2021-01-13,Bear,-1.1687
2021-01-14,Bear,-1.2104
2021-01-15,Bear,-1.1303
2021-01-16,Bear,-1.1748
2021-01-17,Bear,-1.1115
2021-01-18,Bear,-1.1263
2021-01-19,Bear,-1.1014
2021-01-20,Bear,-1.0428
2021-01-21,Bear,-0.8139
2021-01-22,Bear,-0.9523
2021-01-23,Bear,-0.9412
2021-01-24,Bear,-0.8656
2021-01-25,Bear,-0.8888
2021-01-26,Bear,-0.8965
2021-01-27,Bear,-0.7679
2021-01-28,Bear,-0.9039
2021-01-29,Bear,-0.9534
2021-01-30,Bear,-1.0205
2021-01-31,Bear,-0.8883
2021-02-01,Bear,-0.8999
2021-02-02,Bear,-0.9751
2021-02-03,Bear,-1.0672
2021-02-04,Bear,-1.0392
2021-02-05,Bear,-1.0775
2021-02-06,Bear,-1.1783
2021-02-07,Bear,-1.1366
2021-02-08,Bear,-1.2434
2021-02-09,Bear,-1.2793
2021-02-10,Bear,-1.2351
2021-02-11,Bear,-1.296
2021-02-12,Bear,-1.2864
2021-02-13,Bear,-1.33
2021-02-14,Bear,-1.3115
2021-02-15,Bear,-1.3096
2021-02-16,Bear,-1.3113
2021-02-17,Bear,-1.3359
2021-02-18,Bear,-1.3435
2021-02-19,Bear,-1.363
2021-02-20,Bear,-1.4198
2021-02-21,Bear,-1.3879
2021-02-22,Bear,-1.3508
2021-02-23,Bear,-1.2476
2021-02-24,Bear,-1.2784
2021-02-25,Bear,-1.2393
2021-02-26,Bear,-1.15
2021-02-27,Bear,-1.241
2021-02-28,Bear,-1.1302
2021-03-01,Bear,-1.2202
2021-03-02,Bear,-1.2043
2021-03-03,Bear,-1.2533
2021-03-04,Bear,-1.1925
2021-03-05,Bear,-1.214
2021-03-06,Bear,-1.2474
2021-03-07,Bear,-1.2355
2021-03-08,Bear,-1.2706
2021-03-09,Bear,-1.3078
2021-03-10,Bear,-1.3364
2021-03-11,Bear,-1.3484
2021-03-12,Bear,-1.3446
2021-03-13,Bear,-1.4137
2021-03-14,Bear,-1.3255
2021-03-15,Bear,-1.3204
2021-03-16,Bear,-1.3167
2021-03-17,Bear,-1.3373
2021-03-18,Bear,-1.3231
2021-03-19,Bear,-1.3259
2021-03-20,Bear,-1.3502
2021-03-21,Bear,-1.3084
2021-03-22,Bear,-1.2368
2021-03-23,Bear,-1.2329
2021-03-24,Bear,-1.1799
2021-03-25,Bear,-1.1636
2021-03-26,Bear,-1.2147
2021-03-27,Bear,-1.2777
2021-03-28,Bear,-1.2237
2021-03-29,Bear,-1.2524
2021-03-30,Bear,-1.2762
2021-03-31,Bear,-1.2698
2021-04-01,Bear,-1.2371
2021-04-02,Bear,-1.259
2021-04-03,Bear,-1.2802
2021-04-04,Bear,-1.2324
2021-04-05,Bear,-1.2374
2021-04-06,Bear,-1.2108
2021-04-07,Bear,-1.1595
2021-04-08,Bear,-1.1959
2021-04-09,Bear,-1.1996
2021-04-10,Bear,-1.2725
2021-04-11,Bear,-1.2198
2021-04-12,Bear,-1.2096
2021-04-13,Bear,-1.2669
2021-04-14,Bear,-1.2576
2021-04-15,Bear,-1.2535
2021-04-16,Bear,-1.2011
2021-04-17,Bear,-1.2562
2021-04-18,Bear,-1.0444
2021-04-19,Bear,-1.0506
2021-04-20,Bear,-1.0705
2021-04-21,Bear,-1.0196
2021-04-22,Bear,-0.9404
2021-04-23,Bear,-0.9149
2021-04-24,Bear,-0.9811
2021-04-25,Bear,-0.8752
2021-04-26,Bear,-0.9712
2021-04-27,Bear,-0.9918
2021-04-28,Bear,-0.979
2021-04-29,Bear,-0.9151
2021-04-30,Bear,-1.0091
2021-05-01,Bear,-1.06
2021-05-02,Bear,-0.9676
2021-05-03,Bear,-0.9866
2021-05-04,Bear,-0.8931
2021-05-05,Bear,-0.9572
2021-05-06,Bear,-0.9231
2021-05-07,Bear,-0.9608
2021-05-08,Bear,-1.0216
2021-05-09,Bear,-0.9616
2021-05-10,Bear,-0.8877
2021-05-11,Bear,-0.8976
2021-05-12,Bear,-0.7898
2021-05-13,Bear,-0.7521
2021-05-14,Bear,-0.744
2021-05-15,Bear,-0.7245
2021-05-16,Neutral,-0.5533
2021-05-17,Neutral,-0.447
2021-05-18,Neutral,-0.4304
2021-05-19,Neutral,-0.2734
2021-05-20,Neutral,-0.2775
2021-05-21,Neutral,-0.2056
2021-05-22,Neutral,-0.251
2021-05-23,Neutral,-0.0933
2021-05-24,Neutral,-0.2117
2021-05-25,Neutral,-0.1865
2021-05-26,Neutral,-0.1444
2021-05-27,Neutral,-0.1994
2021-05-28,Neutral,-0.0873
2021-05-29,Neutral,-0.1018
2021-05-30,Neutral,-0.1629
2021-05-31,Neutral,-0.1053
2021-06-01,Neutral,-0.099
2021-06-02,Neutral,-0.0991
2021-06-03,Neutral,-0.1394
2021-06-04,Neutral,-0.061
2021-06-05,Neutral,0.01
2021-06-06,Neutral,0.0188
2021-06-07,Neutral,0.0238
2021-06-08,Neutral,0.0705
2021-06-09,Neutral,-0.0008
2021-06-10,Neutral,-0.0448
2021-06-11,Neutral,-0.0449
2021-06-12,Neutral,0.0183
2021-06-13,Neutral,-0.103
2021-06-14,Neutral,-0.0382
2021-06-15,Neutral,-0.0394
2021-06-16,Neutral,-0.0752
2021-06-17,Neutral,0.0142
2021-06-18,Neutral,0.1048
2021-06-19,Neutral,0.0299
2021-06-20,Neutral,0.0098
2021-06-21,Neutral,0.1325
2021-06-22,Neutral,0.1838
2021-06-23,Neutral,0.1502
2021-06-24,Neutral,0.1355
2021-06-25,Neutral,0.155
2021-06-26,Neutral,0.2524
2021-06-27,Neutral,0.0969
2021-06-28,Neutral,0.1604
2021-06-29,Neutral,0.1425
2021-06-30,Neutral,0.1598
2021-07-01,Neutral,0.095
2021-07-02,Neutral,0.2219
2021-07-03,Neutral,0.1656
2021-07-04,Neutral,0.0682
2021-07-05,Neutral,0.127
2021-07-06,Neutral,0.1469
2021-07-07,Neutral,0.152
2021-07-08,Neutral,0.1955
2021-07-09,Neutral,0.1943
2021-07-10,Neutral,0.2244
2021-07-11,Neutral,0.1692
2021-07-12,Neutral,0.2117
2021-07-13,Neutral,0.2793
2021-07-14,Neutral,0.2589
2021-07-15,Neutral,0.2194
2021-07-16,Neutral,0.3175
2021-07-17,Neutral,0.1657
2021-07-18,Neutral,0.2773
2021-07-19,Neutral,0.3259
2021-07-20,Neutral,0.3322
2021-07-21,Neutral,0.2979
2021-07-22,Neutral,0.2831
2021-07-23,Neutral,0.2781
2021-07-24,Neutral,0.3121
2021-07-25,Neutral,0.2441
2021-07-26,Neutral,0.1106
2021-07-27,Neutral,0.0475
2021-07-28,Neutral,0.0022
2021-07-29,Neutral,-0.0388
2021-07-30,Neutral,0.121
2021-07-31,Neutral,0.1886
2021-08-01,Neutral,0.1279
2021-08-02,Neutral,0.1264
2021-08-03,Neutral,0.2044
2021-08-04,Neutral,0.1585
2021-08-05,Neutral,0.1409
2021-08-06,Neutral,0.0137
2021-08-07,Neutral,0.0708
2021-08-08,Neutral,0.0525
2021-08-09,Neutral,-0.0226
2021-08-10,Neutral,-0.0165
2021-08-11,Neutral,-0.0184
2021-08-12,Neutral,-0.013
2021-08-13,Neutral,-0.1122
2021-08-14,Neutral,-0.0964
2021-08-15,Neutral,-0.0674
2021-08-16,Neutral,-0.0526
2021-08-17,Neutral,-0.0097
2021-08-18,Neutral,-0.0724
2021-08-19,Neutral,-0.1682
2021-08-20,Neutral,-0.1691
2021-08-21,Neutral,-0.1683
2021-08-22,Neutral,-0.3142
2021-08-23,Neutral,-0.2618
2021-08-24,Neutral,-0.2653
2021-08-25,Neutral,-0.3982
2021-08-26,Neutral,-0.2229
2021-08-27,Neutral,-0.3068
2021-08-28,Neutral,-0.3083
2021-08-29,Neutral,-0.3481
2021-08-30,Neutral,-0.2518
2021-08-31,Neutral,-0.2896
2021-09-01,Neutral,-0.2487
2021-09-02,Neutral,-0.2714
2021-09-03,Neutral,-0.3552
2021-09-04,Neutral,-0.265
2021-09-05,Neutral,-0.3914
2021-09-06,Neutral,-0.3472
2021-09-07,Neutral,-0.1828
2021-09-08,Neutral,-0.1932
2021-09-09,Neutral,-0.3071
2021-09-10,Neutral,-0.2688
2021-09-11,Neutral,-0.1159
2021-09-12,Neutral,-0.2322
2021-09-13,Neutral,-0.1579
2021-09-14,Neutral,-0.1671
2021-09-15,Neutral,-0.2638
2021-09-16,Neutral,-0.2081
2021-09-17,Neutral,-0.1468
2021-09-18,Neutral,-0.122
2021-09-19,Neutral,-0.1712
2021-09-20,Neutral,-0.0568
2021-09-21,Neutral,0.0599
2021-09-22,Neutral,-0.0037
2021-09-23,Neutral,-0.0067
2021-09-24,Neutral,0.0807
2021-09-25,Neutral,0.1286
2021-09-26,Neutral,0.0559
2021-09-27,Neutral,0.1221
2021-09-28,Neutral,0.2499
2021-09-29,Neutral,0.1871
2021-09-30,Neutral,0.1597
2021-10-01,Neutral,0.0383
2021-10-02,Neutral,0.0742
2021-10-03,Neutral,0.0652
2021-10-04,Neutral,0.1066
2021-10-05,Neutral,0.0332
2021-10-06,Neutral,-0.0404
2021-10-07,Neutral,-0.0147
2021-10-08,Neutral,-0.0249
2021-10-09,Neutral,-0.0258
2021-10-10,Neutral,-0.1595
2021-10-11,Neutral,-0.0989
2021-10-12,Neutral,-0.122
2021-10-13,Neutral,-0.095
2021-10-14,Neutral,-0.1256
2021-10-15,Neutral,-0.1657
2021-10-16,Neutral,-0.1487
2021-10-17,Neutral,-0.1985
2021-10-18,Neutral,-0.2732
2021-10-19,Neutral,-0.4418
2021-10-20,Neutral,-0.3954
2021-10-21,Neutral,-0.3233
2021-10-22,Neutral,-0.2346
2021-10-23,Neutral,-0.3694
2021-10-24,Neutral,-0.2757
2021-10-25,Neutral,-0.3523
2021-10-26,Neutral,-0.3575
2021-10-27,Neutral,-0.3307
2021-10-28,Neutral,-0.3636
2021-10-29,Neutral,-0.4561
2021-10-30,Neutral,-0.4317
2021-10-31,Neutral,-0.5539
2021-11-01,Neutral,-0.5088
2021-11-02,Neutral,-0.4815
2021-11-03,Neutral,-0.4044
2021-11-04,Neutral,-0.4302
2021-11-05,Neutral,-0.5202
2021-11-06,Neutral,-0.3865
2021-11-07,Neutral,-0.4559
2021-11-08,Bear,-0.5902
2021-11-09,Neutral,-0.5693
2021-11-10,Neutral,-0.5613
2021-11-11,Neutral,-0.5115
2021-11-12,Neutral,-0.4651
2021-11-13,Neutral,-0.5282
2021-11-14,Neutral,-0.5188
2021-11-15,Neutral,-0.4482
2021-11-16,Neutral,-0.3825
2021-11-17,Neutral,-0.4629
2021-11-18,Neutral,-0.2837
2021-11-19,Neutral,-0.3353
2021-11-20,Neutral,-0.4029
2021-11-21,Neutral,-0.366
2021-11-22,Neutral,-0.2766
2021-11-23,Neutral,-0.3492
2021-11-24,Neutral,-0.2817
2021-11-25,Neutral,-0.3063
2021-11-26,Neutral,-0.1868
2021-11-27,Neutral,-0.1632
2021-11-28,Neutral,-0.192
2021-11-29,Neutral,-0.2214
2021-11-30,Neutral,-0.1603
2021-12-01,Neutral,-0.1724
2021-12-02,Neutral,-0.1667
2021-12-03,Neutral,-0.0021
2021-12-04,Neutral,0.0683
2021-12-05,Neutral,0.1444
2021-12-06,Neutral,0.0934
2021-12-07,Neutral,0.0817
2021-12-08,Neutral,0.1109
2021-12-09,Neutral,0.1698
2021-12-10,Neutral,0.2387
2021-12-11,Neutral,0.1671
2021-12-12,Neutral,0.157
2021-12-13,Neutral,0.2775
2021-12-14,Neutral,0.2071
2021-12-15,Neutral,0.2192
2021-12-16,Neutral,0.2225
2021-12-17,Neutral,0.2537
2021-12-18,Neutral,0.2755
2021-12-19,Neutral,0.2684
2021-12-20,Neutral,0.3222
2021-12-21,Neutral,0.2458
2021-12-22,Neutral,0.2232
2021-12-23,Neutral,0.2402
2021-12-24,Neutral,0.219
2021-12-25,Neutral,0.2641
2021-12-26,Neutral,0.2483
2021-12-27,Neutral,0.2063
2021-12-28,Neutral,0.2938
2021-12-29,Neutral,0.292
2021-12-30,Neutral,0.2898
2021-12-31,Neutral,0.2856
2022-01-01,Neutral,0.287
2022-01-02,Neutral,0.3105
2022-01-03,Neutral,0.3137
2022-01-04,Neutral,0.3557
2022-01-05,Neutral,0.3783
2022-01-06,Bull,0.4
2022-01-07,Bull,0.4395
2022-01-08,Bull,0.4573
2022-01-09,Bull,0.4272
2022-01-10,Neutral,0.4075
2022-01-11,Bull,0.4086
2022-01-12,Neutral,0.3618
2022-01-13,Neutral,0.3976
2022-01-14,Bull,0.3967
2022-01-15,Bull,0.447
2022-01-16,Neutral,0.3789
2022-01-17,Neutral,0.4109
2022-01-18,Bull,0.4396
2022-01-19,Bull,0.4468
2022-01-20,Neutral,0.4265
2022-01-21,Bull,0.5831
2022-01-22,Bull,0.6658
2022-01-23,Neutral,0.5733
2022-01-24,Bull,0.5717
2022-01-25,Neutral,0.5433
2022-01-26,Bull,0.5586
2022-01-27,Bull,0.5571
2022-01-28,Bull,0.5637
2022-01-29,Bull,0.584
2022-01-30,Bull,0.5426
2022-01-31,Bull,0.5189
2022-02-01,Neutral,0.2953
2022-02-02,Bull,0.5676
2022-02-03,Bull,0.626
2022-02-04,Bull,0.4704
2022-02-05,Bull,0.5538
2022-02-06,Bull,0.4735
2022-02-07,Bull,0.3996
2022-02-08,Bull,0.4077
2022-02-09,Bull,0.3996
2022-02-10,Neutral,0.3249
2022-02-11,Bull,0.4389
2022-02-12,Bull,0.5483
2022-02-13,Neutral,0.4234
2022-02-14,Bull,0.4424
2022-02-15,Neutral,0.3917
2022-02-16,Neutral,0.3745
2022-02-17,Bull,0.4864
2022-02-18,Bull,0.5212
2022-02-19,Bull,0.5983
2022-02-20,Bull,0.5285
2022-02-21,Bull,0.5669
2022-02-22,Bull,0.5786
2022-02-23,Bull,0.5422
2022-02-24,Bull,0.5552
2022-02-25,Bull,0.5428
2022-02-26,Bull,0.6287
2022-02-27,Bull,0.5733
2022-02-28,Bull,0.449
2022-03-01,Bull,0.4414
2022-03-02,Bull,0.3753
2022-03-03,Bull,0.4328
2022-03-04,Bull,0.5428
2022-03-05,Bull,0.6187
2022-03-06,Bull,0.5367
2022-03-07,Bull,0.5395
2022-03-08,Bull,0.5597
2022-03-09,Bull,0.4705
2022-03-10,Bull,0.5344
2022-03-11,Bull,0.4249
2022-03-12,Bull,0.6782
2022-03-13,Bull,0.5908
2022-03-14,Bull,0.5418
2022-03-15,Bull,0.5731
2022-03-16,Bull,0.5129
2022-03-17,Bull,0.5104
2022-03-18,Bull,0.5148
2022-03-19,Bull,0.5863
2022-03-20,Bull,0.5411
2022-03-21,Bull,0.5415
2022-03-22,Bull,0.5045
2022-03-23,Bull,0.4976
2022-03-24,Bull,0.4845
2022-03-25,Bull,0.3166
2022-03-26,Bull,0.5676
2022-03-27,Bull,0.4053
2022-03-28,Bull,0.3973
2022-03-29,Neutral,0.2717
2022-03-30,Bull,0.403
2022-03-31,Bull,0.4302
2022-04-01,Bull,0.4035
2022-04-02,Bull,0.5206
2022-04-03,Bull,0.3898
2022-04-04,Bull,0.4155
2022-04-05,Bull,0.4202
2022-04-06,Bull,0.4696
2022-04-07,Bull,0.4385
2022-04-08,Bull,0.4928
2022-04-09,Bull,0.5723
2022-04-10,Bull,0.4796
2022-04-11,Bull,0.5342
2022-04-12,Bull,0.5144
2022-04-13,Bull,0.5358
2022-04-14,Bull,0.457
2022-04-15,Bull,0.541
2022-04-16,Bull,0.6235
2022-04-17,Bull,0.5455
2022-04-18,Bull,0.5429
2022-04-19,Bull,0.5185
2022-04-20,Bull,0.5063
2022-04-21,Bull,0.4484
2022-04-22,Bull,0.6394
2022-04-23,Bull,0.6199
2022-04-24,Bull,0.5812
2022-04-25,Bull,0.5626
2022-04-26,Bull,0.651
2022-04-27,Bull,0.5997
2022-04-28,Bull,0.5897
2022-04-29,Bull,0.659
2022-04-30,Bull,0.74
2022-05-01,Bull,0.6125
2022-05-02,Bull,0.7113
2022-05-03,Bull,0.7174
2022-05-04,Bull,0.5955
2022-05-05,Bull,0.6845
2022-05-06,Bull,0.7069
2022-05-07,Bull,0.9233
2022-05-08,Bull,0.761
2022-05-09,Bull,0.8865
2022-05-10,Bull,0.9142
2022-05-11,Bull,1.0213
2022-05-12,Bull,1.0285
2022-05-13,Bull,0.9343
2022-05-14,Bull,0.9753
2022-05-15,Bull,0.9477
2022-05-16,Bull,0.9376
2022-05-17,Bull,0.9705
2022-05-18,Bull,1.0087
2022-05-19,Bull,0.9873
2022-05-20,Bull,0.9923
2022-05-21,Bull,1.1585
2022-05-22,Bull,0.9822
2022-05-23,Bull,1.0331
2022-05-24,Bull,0.9833
2022-05-25,Bull,0.9674
2022-05-26,Bull,0.9872
2022-05-27,Bull,0.9731
2022-05-28,Bull,1.1232
2022-05-29,Bull,0.946
2022-05-30,Bull,0.8841
2022-05-31,Bull,0.8396
2022-06-01,Bull,0.9731
2022-06-02,Bull,0.9816
2022-06-03,Bull,1.0206
2022-06-04,Bull,1.1517
2022-06-05,Bull,0.9571
2022-06-06,Bull,0.9151
2022-06-07,Bull,0.9561
2022-06-08,Bull,0.931
2022-06-09,Bull,1.0061
2022-06-10,Bull,0.9822
2022-06-11,Bull,1.2221
2022-06-12,Bull,1.1181
2022-06-13,Bull,1.4148
2022-06-14,Bull,1.4209
2022-06-15,Bull,1.4022
2022-06-16,Bull,1.4834
2022-06-17,Bull,1.462
2022-06-18,Bull,1.5811
2022-06-19,Bull,1.4804
2022-06-20,Bull,1.4827
2022-06-21,Bull,1.4693
2022-06-22,Bull,1.4955
2022-06-23,Bull,1.4582
2022-06-24,Bull,1.4475
2022-06-25,Bull,1.3908
2022-06-26,Bull,1.4591
2022-06-27,Bull,1.4769
2022-06-28,Bull,1.4933
2022-06-29,Bull,1.4325
2022-06-30,Bull,1.5258
2022-07-01,Bull,1.5207
2022-07-02,Bull,1.5861
2022-07-03,Bull,1.5236
2022-07-04,Bull,1.5009
2022-07-05,Bull,1.4985
2022-07-06,Bull,1.4924
2022-07-07,Bull,1.441
2022-07-08,Bull,1.4324
2022-07-09,Bull,1.517
2022-07-10,Bull,1.478
2022-07-11,Bull,1.5118
2022-07-12,Bull,1.5305
2022-07-13,Bull,1.5164
2022-07-14,Bull,1.4952
2022-07-15,Bull,1.4758
2022-07-16,Bull,1.5111
2022-07-17,Bull,1.4788
2022-07-18,Bull,1.4459
2022-07-19,Bull,1.3598
2022-07-20,Bull,1.3323
2022-07-21,Bull,1.3749
2022-07-22,Bull,1.3984
2022-07-23,Bull,1.4899
2022-07-24,Bull,1.4
2022-07-25,Bull,1.4504
2022-07-26,Bull,1.4565
2022-07-27,Bull,1.3108
2022-07-28,Bull,1.3785
2022-07-29,Bull,1.3765
2022-07-30,Bull,1.4149
2022-07-31,Bull,1.3701
2022-08-01,Bull,1.371
2022-08-02,Bull,1.3788
2022-08-03,Bull,1.3861
2022-08-04,Bull,1.3982
2022-08-05,Bull,1.3735
2022-08-06,Bull,1.3838
2022-08-07,Bull,1.3352
2022-08-08,Bull,1.3792
2022-08-09,Bull,1.3734
2022-08-10,Bull,1.2445
2022-08-11,Bull,1.371
2022-08-12,Bull,1.3619
2022-08-13,Bull,1.4467
2022-08-14,Bull,1.3541
2022-08-15,Bull,1.3567
2022-08-16,Bull,1.3562
2022-08-17,Bull,1.3432
2022-08-18,Bull,1.2894
2022-08-19,Bull,1.4589
2022-08-20,Bull,1.5233
2022-08-21,Bull,1.4261
2022-08-22,Bull,1.4477
2022-08-23,Bull,1.4284
2022-08-24,Bull,1.432
2022-08-25,Bull,1.4236
2022-08-26,Bull,1.4507
2022-08-27,Bull,1.5688
2022-08-28,Bull,1.4006
2022-08-29,Bull,1.3922
2022-08-30,Bull,1.5141
2022-08-31,Bull,1.5046
2022-09-01,Bull,1.5037
2022-09-02,Bull,1.5095
2022-09-03,Bull,1.5655
2022-09-04,Bull,1.3558
2022-09-05,Bull,1.5216
2022-09-06,Bull,1.5381
2022-09-07,Bull,1.5334
2022-09-08,Bull,1.5353
2022-09-09,Bull,1.4412
2022-09-10,Bull,1.5025
2022-09-11,Bull,1.4263
2022-09-12,Bull,1.3902
2022-09-13,Bull,1.5008
2022-09-14,Bull,1.4982
2022-09-15,Bull,1.5207
2022-09-16,Bull,1.5204
2022-09-17,Bull,1.5652
2022-09-18,Bull,1.5284
2022-09-19,Bull,1.5266
2022-09-20,Bull,1.5351
2022-09-21,Bull,1.5386
2022-09-22,Bull,1.5293
2022-09-23,Bull,1.5296
2022-09-24,Bull,1.5959
2022-09-25,Bull,1.5338
2022-09-26,Bull,1.5301
2022-09-27,Bull,1.5293
2022-09-28,Bull,1.5232
2022-09-29,Bull,1.5228
2022-09-30,Bull,1.525
2022-10-01,Bull,1.5902
2022-10-02,Bull,1.5296
2022-10-03,Bull,1.5191
2022-10-04,Bull,1.4778
2022-10-05,Bull,1.4851
2022-10-06,Bull,1.496
2022-10-07,Bull,1.497
2022-10-08,Bull,1.5865
2022-10-09,Bull,1.5217
2022-10-10,Bull,1.5265
2022-10-11,Bull,1.5269
2022-10-12,Bull,1.5254
2022-10-13,Bull,1.5212
2022-10-14,Bull,1.5244
2022-10-15,Bull,1.5884
2022-10-16,Bull,1.5202
2022-10-17,Bull,1.5108
2022-10-18,Bull,1.4122
2022-10-19,Bull,1.5203
2022-10-20,Bull,1.5204
2022-10-21,Bull,1.5172
2022-10-22,Bull,1.5797
2022-10-23,Bull,1.5044
2022-10-24,Bull,1.5111
2022-10-25,Bull,1.3841
2022-10-26,Bull,1.4298
2022-10-27,Bull,1.3909
2022-10-28,Bull,1.4376
2022-10-29,Bull,1.5076
2022-10-30,Bull,1.4366
2022-10-31,Bull,1.447
2022-11-01,Bull,1.4457
2022-11-02,Bull,1.4233
2022-11-03,Bull,1.4574
2022-11-04,Bull,1.2926
2022-11-05,Bull,1.4474
2022-11-06,Bull,1.4119
2022-11-07,Bull,1.4314
2022-11-08,Bull,1.5121
2022-11-09,Bull,1.5633
2022-11-10,Bull,1.5251
2022-11-11,Bull,1.5143
2022-11-12,Bull,1.5978
2022-11-13,Bull,1.5445
2022-11-14,Bull,1.5427
2022-11-15,Bull,1.533
2022-11-16,Bull,1.5365
2022-11-17,Bull,1.534
2022-11-18,Bull,1.5316
2022-11-19,Bull,1.5912
2022-11-20,Bull,1.5396
2022-11-21,Bull,1.5503
2022-11-22,Bull,1.5405
2022-11-23,Bull,1.4239
2022-11-24,Bull,1.5284
2022-11-25,Bull,1.5297
2022-11-26,Bull,1.5937
2022-11-27,Bull,1.5304
2022-11-28,Bull,1.5354
2022-11-29,Bull,1.5304
2022-11-30,Bull,1.5077
2022-12-01,Bull,1.5107
2022-12-02,Bull,1.5091
2022-12-03,Bull,1.5754
2022-12-04,Bull,1.5038
2022-12-05,Bull,1.5061
2022-12-06,Bull,1.5046
2022-12-07,Bull,1.5089
2022-12-08,Bull,1.4987
2022-12-09,Bull,1.4981
2022-12-10,Bull,1.509
2022-12-11,Bull,1.4977
2022-12-12,Bull,1.4956
2022-12-13,Bull,1.4811
2022-12-14,Bull,1.4802
2022-12-15,Bull,1.4889
2022-12-16,Bull,1.5081
2022-12-17,Bull,1.5685
2022-12-18,Bull,1.5014
2022-12-19,Bull,1.5126
2022-12-20,Bull,1.4971
2022-12-21,Bull,1.4988
2022-12-22,Bull,1.4983
2022-12-23,Bull,1.4974
2022-12-24,Bull,1.5635
2022-12-25,Bull,1.4955
2022-12-26,Bull,1.4945
2022-12-27,Bull,1.4972
2022-12-28,Bull,1.5016
2022-12-29,Bull,1.4983
2022-12-30,Bull,1.4978
2022-12-31,Bull,1.5653
2023-01-01,Bull,1.496
2023-01-02,Bull,1.4879
2023-01-03,Bull,1.4944
2023-01-04,Bull,1.4875
2023-01-05,Bull,1.4609
2023-01-06,Bull,1.4801
2023-01-07,Bull,1.5488
2023-01-08,Bull,1.479
2023-01-09,Bull,1.4732
2023-01-10,Bull,1.4684
2023-01-11,Bull,1.4629
2023-01-12,Bull,1.4138
2023-01-13,Bull,1.3805
2023-01-14,Bull,1.4197
2023-01-15,Bull,1.3344
2023-01-16,Bull,1.268
2023-01-17,Bull,1.3194
2023-01-18,Bull,1.3388
2023-01-19,Bull,1.3194
2023-01-20,Bull,1.1787
2023-01-21,Bull,1.2677
2023-01-22,Bull,1.1536
2023-01-23,Bull,1.1534
2023-01-24,Bull,1.1608
2023-01-25,Bull,1.124
2023-01-26,Bull,1.1404
2023-01-27,Bull,1.13
2023-01-28,Bull,1.2195
2023-01-29,Bull,1.0853
2023-01-30,Bull,1.1316
2023-01-31,Bull,1.0971
2023-02-01,Bull,1.0816
2023-02-02,Bull,1.0855
2023-02-03,Bull,1.0819
2023-02-04,Bull,1.1876
2023-02-05,Bull,1.094
2023-02-06,Bull,1.0551
2023-02-07,Bull,1.073
2023-02-08,Bull,1.0479
2023-02-09,Bull,1.1766
2023-02-10,Bull,1.1286
2023-02-11,Bull,1.255
2023-02-12,Bull,1.1499
2023-02-13,Bull,1.1453
2023-02-14,Bull,1.13
2023-02-15,Bull,0.9668
2023-02-16,Bull,0.9279
2023-02-17,Bull,0.943
2023-02-18,Bull,1.0549
2023-02-19,Bull,0.8645
2023-02-20,Bull,0.8836
2023-02-21,Bull,0.9112
2023-02-22,Bull,0.9312
2023-02-23,Bull,0.8835
2023-02-24,Bull,0.9639
2023-02-25,Bull,1.0776
2023-02-26,Bull,0.9115
2023-02-27,Bull,0.8927
2023-02-28,Bull,0.9629
2023-03-01,Bull,0.9534
2023-03-02,Bull,0.9541
2023-03-03,Bull,1.0178
2023-03-04,Bull,1.0891
2023-03-05,Bull,1.0662
2023-03-06,Bull,1.0469
2023-03-07,Bull,1.097
2023-03-08,Bull,1.0701
2023-03-09,Bull,1.1596
2023-03-10,Bull,1.1708
2023-03-11,Bull,1.2213
2023-03-12,Bull,1.1307
2023-03-13,Bull,0.8904
2023-03-14,Bull,0.8709
2023-03-15,Bull,0.8845
2023-03-16,Bull,0.8351
2023-03-17,Bull,0.8099
2023-03-18,Bull,0.8451
2023-03-19,Bull,0.7254
2023-03-20,Bull,0.7352
2023-03-21,Bull,0.6965
2023-03-22,Bull,0.7323
2023-03-23,Bull,0.6885
2023-03-24,Bull,0.7148
2023-03-25,Bull,0.7942
2023-03-26,Bull,0.6796
2023-03-27,Bull,0.7433
2023-03-28,Bull,0.6984
2023-03-29,Bull,0.6846
2023-03-30,Bull,0.7399
2023-03-31,Bull,0.6101
2023-04-01,Bull,0.6573
2023-04-02,Bull,0.61
2023-04-03,Bull,0.6027
2023-04-04,Bull,0.6383
2023-04-05,Bull,0.6284
2023-04-06,Bull,0.6664
2023-04-07,Bull,0.6386
2023-04-08,Bull,0.6015
2023-04-09,Bull,0.5281
2023-04-10,Bull,0.5076
2023-04-11,Bull,0.4543
2023-04-12,Neutral,0.4926
2023-04-13,Neutral,0.4248
2023-04-14,Neutral,0.4017
2023-04-15,Neutral,0.4152
2023-04-16,Neutral,0.4018
2023-04-17,Neutral,0.444
2023-04-18,Neutral,0.3857
2023-04-19,Neutral,0.3464
2023-04-20,Neutral,0.4539
2023-04-21,Neutral,0.4943
2023-04-22,Neutral,0.4699
2023-04-23,Neutral,0.4749
2023-04-24,Neutral,0.4762
2023-04-25,Neutral,0.4695
2023-04-26,Neutral,0.4537
2023-04-27,Neutral,0.4211
2023-04-28,Neutral,0.4018
2023-04-29,Neutral,0.3879
2023-04-30,Neutral,0.4225
2023-05-01,Neutral,0.4594
2023-05-02,Neutral,0.4355
2023-05-03,Neutral,0.4236
2023-05-04,Neutral,0.4237
2023-05-05,Neutral,0.4097
2023-05-06,Neutral,0.4114
2023-05-07,Neutral,0.3807
2023-05-08,Neutral,0.4467
2023-05-09,Neutral,0.4669
2023-05-10,Neutral,0.4746
2023-05-11,Neutral,0.5076
2023-05-12,Neutral,0.503
2023-05-13,Neutral,0.4992
2023-05-14,Neutral,0.4948
2023-05-15,Neutral,0.4443
2023-05-16,Neutral,0.5355
2023-05-17,Neutral,0.5455
2023-05-18,Neutral,0.5875
2023-05-19,Neutral,0.5589
2023-05-20,Neutral,0.5282
2023-05-21,Neutral,0.5645
2023-05-22,Neutral,0.5434
2023-05-23,Neutral,0.5623
2023-05-24,Neutral,0.5877
2023-05-25,Neutral,0.5747
2023-05-26,Neutral,0.5728
2023-05-27,Neutral,0.5686
2023-05-28,Neutral,0.5205
2023-05-29,Neutral,0.5667
2023-05-30,Neutral,0.5496
2023-05-31,Neutral,0.5894
2023-06-01,Neutral,0.599
2023-06-02,Bull,0.5989
2023-06-03,Bull,0.6032
2023-06-04,Bull,0.617
2023-06-05,Bull,0.6615
2023-06-06,Bull,0.6284
2023-06-07,Bull,0.6542
2023-06-08,Bull,0.632
2023-06-09,Bull,0.6438
2023-06-10,Bull,0.7189
2023-06-11,Bull,0.6718
2023-06-12,Bull,0.6723
2023-06-13,Bull,0.6781
2023-06-14,Bull,0.7288
2023-06-15,Bull,0.7006
2023-06-16,Bull,0.6611
2023-06-17,Bull,0.6353
2023-06-18,Bull,0.6353
2023-06-19,Bull,0.6336
2023-06-20,Bull,0.6803
2023-06-21,Bull,0.5451
2023-06-22,Bull,0.535
2023-06-23,Bull,0.5148
2023-06-24,Neutral,0.4582
2023-06-25,Neutral,0.4491
2023-06-26,Bull,0.4915
2023-06-27,Bull,0.4641
2023-06-28,Neutral,0.4613
2023-06-29,Bull,0.4301
2023-06-30,Bull,0.3488
2023-07-01,Neutral,0.2604
2023-07-02,Neutral,0.3323
2023-07-03,Neutral,0.3284
2023-07-04,Neutral,0.3218
2023-07-05,Neutral,0.3404
2023-07-06,Neutral,0.4288
2023-07-07,Neutral,0.3377
2023-07-08,Neutral,0.3147
2023-07-09,Neutral,0.324
2023-07-10,Neutral,0.3445
2023-07-11,Neutral,0.2945
2023-07-12,Neutral,0.327
2023-07-13,Neutral,0.3607
2023-07-14,Neutral,0.3007
2023-07-15,Neutral,0.2807
2023-07-16,Neutral,0.2949
2023-07-17,Neutral,0.366
2023-07-18,Neutral,0.2908
2023-07-19,Neutral,0.3068
2023-07-20,Neutral,0.3006
2023-07-21,Neutral,0.4004
2023-07-22,Neutral,0.2467
2023-07-23,Neutral,0.306
2023-07-24,Neutral,0.3456
2023-07-25,Neutral,0.389
2023-07-26,Neutral,0.3636
2023-07-27,Neutral,0.4433
2023-07-28,Neutral,0.4616
2023-07-29,Neutral,0.3309
2023-07-30,Neutral,0.3874
2023-07-31,Neutral,0.426
2023-08-01,Neutral,0.3957
2023-08-02,Neutral,0.4814
2023-08-03,Neutral,0.4117
2023-08-04,Neutral,0.4249
2023-08-05,Neutral,0.4059
2023-08-06,Neutral,0.4241
2023-08-07,Neutral,0.4483
2023-08-08,Neutral,0.4491
2023-08-09,Neutral,0.4284
2023-08-10,Neutral,0.4471
2023-08-11,Neutral,0.4355
2023-08-12,Neutral,0.408
2023-08-13,Bull,0.4502
2023-08-14,Bull,0.4687
2023-08-15,Bull,0.4737
2023-08-16,Bull,0.4971
2023-08-17,Bull,0.5576
2023-08-18,Bull,0.6334
2023-08-19,Bull,0.6236
2023-08-20,Bull,0.6226
2023-08-21,Bull,0.637
2023-08-22,Bull,0.6668
2023-08-23,Bull,0.6724
2023-08-24,Bull,0.6934
2023-08-25,Bull,0.6905
2023-08-26,Bull,0.707
2023-08-27,Bull,0.6768
2023-08-28,Bull,0.7101
2023-08-29,Bull,0.7302
2023-08-30,Bull,0.6566
2023-08-31,Bull,0.7263
2023-09-01,Bull,0.7407
2023-09-02,Bull,0.7519
2023-09-03,Bull,0.7945
2023-09-04,Bull,0.7648
2023-09-05,Bull,0.7692
2023-09-06,Bull,0.7619
2023-09-07,Bull,0.7417
2023-09-08,Bull,0.7734
2023-09-09,Bull,0.8124
2023-09-10,Bull,0.7849
2023-09-11,Bull,0.8503
2023-09-12,Bull,0.8388
2023-09-13,Bull,0.7679
2023-09-14,Bull,0.7314
2023-09-15,Bull,0.7395
2023-09-16,Bull,0.7518
2023-09-17,Bull,0.7536
2023-09-18,Bull,0.7045
2023-09-19,Bull,0.6465
2023-09-20,Bull,0.7389
2023-09-21,Bull,0.7584
2023-09-22,Bull,0.7436
2023-09-23,Bull,0.7494
2023-09-24,Bull,0.7484
2023-09-25,Bull,0.752
2023-09-26,Bull,0.7624
2023-09-27,Bull,0.7748
2023-09-28,Bull,0.7239
2023-09-29,Bull,0.7329
2023-09-30,Bull,0.7148
2023-10-01,Bull,0.7066
2023-10-02,Bull,0.7523
2023-10-03,Bull,0.7005
2023-10-04,Bull,0.6785
2023-10-05,Bull,0.723
2023-10-06,Bull,0.6833
2023-10-07,Bull,0.6538
2023-10-08,Bull,0.6729
2023-10-09,Bull,0.6678
2023-10-10,Bull,0.686
2023-10-11,Bull,0.7139
2023-10-12,Bull,0.7346
2023-10-13,Bull,0.7074
2023-10-14,Bull,0.6764
2023-10-15,Bull,0.6938
2023-10-16,Bull,0.6564
2023-10-17,Bull,0.6638
2023-10-18,Bull,0.6517
2023-10-19,Bull,0.6761
2023-10-20,Bull,0.6094
2023-10-21,Bull,0.5856
2023-10-22,Bull,0.5822
2023-10-23,Bull,0.5057
2023-10-24,Bull,0.4737
2023-10-25,Bull,0.4359
2023-10-26,Neutral,0.4
2023-10-27,Bull,0.4119
2023-10-28,Neutral,0.3705
2023-10-29,Neutral,0.3401
2023-10-30,Neutral,0.3472
2023-10-31,Neutral,0.3325
2023-11-01,Neutral,0.2431
2023-11-02,Neutral,0.2922
2023-11-03,Neutral,0.2864
2023-11-04,Neutral,0.2404
2023-11-05,Neutral,0.242
2023-11-06,Neutral,0.2067
2023-11-07,Neutral,0.1872
2023-11-08,Neutral,0.1604
2023-11-09,Neutral,0.1495
2023-11-10,Neutral,0.112
2023-11-11,Neutral,0.0982
2023-11-12,Neutral,0.1025
2023-11-13,Neutral,0.088
2023-11-14,Neutral,0.1063
2023-11-15,Neutral,0.0614
2023-11-16,Neutral,0.0801
2023-11-17,Neutral,0.072
2023-11-18,Neutral,0.0099
2023-11-19,Neutral,0.0289
2023-11-20,Neutral,0.0191
2023-11-21,Neutral,0.0438
2023-11-22,Neutral,0.0345
2023-11-23,Neutral,0.0249
2023-11-24,Neutral,0.0289
2023-11-25,Neutral,-0.0221
2023-11-26,Neutral,0.0146
2023-11-27,Neutral,0.0343
2023-11-28,Neutral,0.0083
2023-11-29,Neutral,0.0265
2023-11-30,Neutral,0.0594
2023-12-01,Neutral,-0.0121
2023-12-02,Neutral,-0.1007
2023-12-03,Neutral,-0.0287
2023-12-04,Neutral,-0.0697
2023-12-05,Neutral,-0.1032
2023-12-06,Neutral,-0.0959
2023-12-07,Neutral,-0.1061
2023-12-08,Neutral,-0.1075
2023-12-09,Neutral,-0.1868
2023-12-10,Neutral,-0.108
2023-12-11,Neutral,-0.0773
2023-12-12,Neutral,-0.0877
2023-12-13,Neutral,-0.0943
2023-12-14,Neutral,-0.0933
2023-12-15,Neutral,-0.095
2023-12-16,Neutral,-0.1557
2023-12-17,Neutral,-0.0736
2023-12-18,Neutral,-0.1213
2023-12-19,Neutral,-0.0748
2023-12-20,Neutral,-0.1069
2023-12-21,Neutral,-0.1064
2023-12-22,Neutral,-0.0999
2023-12-23,Neutral,-0.2172
2023-12-24,Neutral,-0.1955
2023-12-25,Neutral,-0.1236
2023-12-26,Neutral,-0.0967
2023-12-27,Neutral,-0.1578
2023-12-28,Neutral,-0.0862
2023-12-29,Neutral,-0.0394
2023-12-30,Neutral,-0.2325
2023-12-31,Neutral,-0.0827
2024-01-01,Neutral,-0.1048
2024-01-02,Neutral,-0.1312
2024-01-03,Neutral,-0.1056
2024-01-04,Neutral,-0.105
2024-01-05,Neutral,-0.0995
2024-01-06,Neutral,-0.2044
2024-01-07,Neutral,-0.1005
2024-01-08,Neutral,-0.1491
2024-01-09,Neutral,-0.1432
2024-01-10,Neutral,-0.1481
2024-01-11,Neutral,-0.1485
2024-01-12,Neutral,-0.0677
2024-01-13,Neutral,-0.188
2024-01-14,Neutral,-0.093
2024-01-15,Neutral,-0.067
2024-01-16,Neutral,-0.2012
2024-01-17,Neutral,-0.0384
2024-01-18,Neutral,-0.0265
2024-01-19,Neutral,-0.0233
2024-01-20,Neutral,-0.1212
2024-01-21,Neutral,-0.0259
2024-01-22,Neutral,0.0496
2024-01-23,Neutral,0.0564
2024-01-24,Neutral,0.0201
2024-01-25,Neutral,0.0509
2024-01-26,Neutral,0.0516
2024-01-27,Neutral,-0.0943
2024-01-28,Neutral,0.0386
2024-01-29,Neutral,0.0447
2024-01-30,Neutral,0.0217
2024-01-31,Neutral,0.0256
2024-02-01,Neutral,0.0464
2024-02-02,Neutral,0.035
2024-02-03,Neutral,-0.0714
2024-02-04,Neutral,0.0407
2024-02-05,Neutral,0.0471
2024-02-06,Neutral,-0.0102
2024-02-07,Neutral,0.0347
2024-02-08,Neutral,0.0336
2024-02-09,Neutral,0.0093
2024-02-10,Neutral,-0.1239
2024-02-11,Neutral,-0.0195
2024-02-12,Neutral,-0.033
2024-02-13,Neutral,-0.0325
2024-02-14,Neutral,-0.0979
2024-02-15,Neutral,-0.0979
2024-02-16,Neutral,-0.107
2024-02-17,Neutral,-0.232
2024-02-18,Neutral,-0.1424
2024-02-19,Neutral,-0.2435
2024-02-20,Neutral,-0.133
2024-02-21,Neutral,-0.1059
2024-02-22,Neutral,-0.173
2024-02-23,Neutral,-0.1319
2024-02-24,Neutral,-0.2978
2024-02-25,Neutral,-0.2011
2024-02-26,Neutral,-0.2443
2024-02-27,Neutral,-0.3263
2024-02-28,Neutral,-0.4576
2024-02-29,Neutral,-0.4405
2024-03-01,Bear,-0.522
2024-03-02,Neutral,-0.5529
2024-03-03,Neutral,-0.4903
2024-03-04,Neutral,-0.5569
2024-03-05,Neutral,-0.5004
2024-03-06,Neutral,-0.5628
2024-03-07,Bear,-0.6029
2024-03-08,Neutral,-0.6047
2024-03-09,Neutral,-0.7025
2024-03-10,Bear,-0.6525
2024-03-11,Neutral,-0.658
2024-03-12,Neutral,-0.6443
2024-03-13,Neutral,-0.6799
2024-03-14,Bear,-0.7064
2024-03-15,Neutral,-0.5977
2024-03-16,Neutral,-0.662
2024-03-17,Bear,-0.6929
2024-03-18,Neutral,-0.5406
2024-03-19,Neutral,-0.4236
2024-03-20,Neutral,-0.5289
2024-03-21,Neutral,-0.4848
2024-03-22,Bear,-0.5888
2024-03-23,Bear,-0.7135
2024-03-24,Bear,-0.6149
2024-03-25,Neutral,-0.5862
2024-03-26,Neutral,-0.6035
2024-03-27,Neutral,-0.5715
2024-03-28,Bear,-0.6916
2024-03-29,Neutral,-0.6028
2024-03-30,Neutral,-0.6671
2024-03-31,Neutral,-0.5848
2024-04-01,Bear,-0.608
2024-04-02,Bear,-0.5269
2024-04-03,Neutral,-0.5113
2024-04-04,Neutral,-0.5412
2024-04-05,Neutral,-0.5302
2024-04-06,Bear,-0.702
2024-04-07,Bear,-0.6087
2024-04-08,Neutral,-0.5887
2024-04-09,Neutral,-0.516
2024-04-10,Neutral,-0.5617
2024-04-11,Neutral,-0.5629
2024-04-12,Bear,-0.5474
2024-04-13,Neutral,-0.5878
2024-04-14,Neutral,-0.4757
2024-04-15,Neutral,-0.3931
2024-04-16,Neutral,-0.4804
2024-04-17,Neutral,-0.3918
2024-04-18,Neutral,-0.4004
2024-04-19,Neutral,-0.4349
2024-04-20,Neutral,-0.5307
2024-04-21,Neutral,-0.4208
2024-04-22,Neutral,-0.495
2024-04-23,Neutral,-0.4513
2024-04-24,Neutral,-0.4067
2024-04-25,Neutral,-0.4024
2024-04-26,Neutral,-0.3697
2024-04-27,Neutral,-0.553
2024-04-28,Neutral,-0.4288
2024-04-29,Neutral,-0.376
2024-04-30,Neutral,-0.2679
2024-05-01,Neutral,-0.1971
2024-05-02,Neutral,-0.2142
2024-05-03,Neutral,-0.3089
2024-05-04,Neutral,-0.4578
2024-05-05,Neutral,-0.3584
2024-05-06,Neutral,-0.3889
2024-05-07,Neutral,-0.31
2024-05-08,Neutral,-0.2505
2024-05-09,Neutral,-0.2731
2024-05-10,Neutral,-0.2396
2024-05-11,Neutral,-0.3467
2024-05-12,Neutral,-0.2466
2024-05-13,Neutral,-0.2279
2024-05-14,Neutral,-0.2189
2024-05-15,Neutral,-0.3745
2024-05-16,Neutral,-0.2804
2024-05-17,Neutral,-0.343
2024-05-18,Neutral,-0.4264
2024-05-19,Neutral,-0.3247
2024-05-20,Neutral,-0.4027
2024-05-21,Neutral,-0.3765
2024-05-22,Neutral,-0.4025
2024-05-23,Neutral,-0.3405
2024-05-24,Neutral,-0.377
2024-05-25,Neutral,-0.4742
2024-05-26,Neutral,-0.4073
2024-05-27,Neutral,-0.387
2024-05-28,Neutral,-0.4971
2024-05-29,Neutral,-0.3306
2024-05-30,Neutral,-0.3573
2024-05-31,Neutral,-0.3426
2024-06-01,Neutral,-0.4562
2024-06-02,Neutral,-0.3887
2024-06-03,Neutral,-0.3858
2024-06-04,Neutral,-0.4212
2024-06-05,Neutral,-0.4583
2024-06-06,Neutral,-0.4245
2024-06-07,Neutral,-0.3883
2024-06-08,Neutral,-0.534
2024-06-09,Neutral,-0.4132
2024-06-10,Neutral,-0.4036
2024-06-11,Neutral,-0.4351
2024-06-12,Neutral,-0.3573
2024-06-13,Neutral,-0.3606
2024-06-14,Neutral,-0.3172
2024-06-15,Neutral,-0.4416
2024-06-16,Neutral,-0.3521
2024-06-17,Neutral,-0.357
2024-06-18,Neutral,-0.3018
2024-06-19,Neutral,-0.2501
2024-06-20,Neutral,-0.2643
2024-06-21,Neutral,-0.2946
2024-06-22,Neutral,-0.361
2024-06-23,Neutral,-0.234
2024-06-24,Neutral,-0.1437
2024-06-25,Neutral,-0.1521
2024-06-26,Neutral,-0.1227
2024-06-27,Neutral,-0.1567
2024-06-28,Neutral,-0.0893
2024-06-29,Neutral,-0.1475
2024-06-30,Neutral,-0.0942
2024-07-01,Neutral,-0.0924
2024-07-02,Neutral,-0.0937
2024-07-03,Neutral,-0.126
2024-07-04,Neutral,0.0604
2024-07-05,Neutral,0.0748
2024-07-06,Neutral,-0.0099
2024-07-07,Neutral,0.1659
2024-07-08,Neutral,0.1874
2024-07-09,Neutral,0.1731
2024-07-10,Neutral,0.1566
2024-07-11,Neutral,0.2342
2024-07-12,Neutral,0.2469
2024-07-13,Neutral,0.1637
2024-07-14,Neutral,0.1729
2024-07-15,Neutral,0.1656
2024-07-16,Neutral,0.1517
2024-07-17,Neutral,0.1469
2024-07-18,Neutral,0.1936
2024-07-19,Neutral,0.1057
2024-07-20,Neutral,0.0304
2024-07-21,Neutral,0.074
2024-07-22,Neutral,0.0812
2024-07-23,Neutral,0.0354
2024-07-24,Neutral,0.1416
2024-07-25,Neutral,0.1195
2024-07-26,Neutral,0.0786
2024-07-27,Neutral,-0.0349
2024-07-28,Neutral,0.0172
2024-07-29,Neutral,0.0737
2024-07-30,Neutral,0.1132
2024-07-31,Neutral,0.1058
2024-08-01,Neutral,0.0867
2024-08-02,Neutral,0.1736
2024-08-03,Neutral,0.0815
2024-08-04,Neutral,0.1781
2024-08-05,Neutral,0.2673
2024-08-06,Neutral,0.2767
2024-08-07,Neutral,0.2578
2024-08-08,Neutral,0.1867
2024-08-09,Neutral,0.1906
2024-08-10,Neutral,0.0904
2024-08-11,Neutral,0.1805
2024-08-12,Neutral,0.2142
2024-08-13,Neutral,0.1948
2024-08-14,Neutral,0.2302
2024-08-15,Neutral,0.2523
2024-08-16,Neutral,0.2683
2024-08-17,Neutral,0.237
2024-08-18,Neutral,0.2657
2024-08-19,Neutral,0.3068
2024-08-20,Neutral,0.306
2024-08-21,Neutral,0.3053
2024-08-22,Neutral,0.3077
2024-08-23,Neutral,0.2524
2024-08-24,Neutral,0.236
2024-08-25,Neutral,0.2426
2024-08-26,Neutral,0.2999
2024-08-27,Neutral,0.3888
2024-08-28,Neutral,0.3556
2024-08-29,Neutral,0.2599
2024-08-30,Neutral,0.3892
2024-08-31,Neutral,0.3195
2024-09-01,Neutral,0.4032
2024-09-02,Neutral,0.4147
2024-09-03,Neutral,0.4418
2024-09-04,Neutral,0.4063
2024-09-05,Neutral,0.4579
2024-09-06,Neutral,0.4799
2024-09-07,Neutral,0.4842
2024-09-08,Bull,0.4933
2024-09-09,Neutral,0.4292
2024-09-10,Neutral,0.4874
2024-09-11,Neutral,0.4828
2024-09-12,Neutral,0.482
2024-09-13,Neutral,0.4213
2024-09-14,Neutral,0.4433
2024-09-15,Neutral,0.4345
2024-09-16,Neutral,0.4772
2024-09-17,Neutral,0.4568
2024-09-18,Neutral,0.4493
2024-09-19,Neutral,0.4197
2024-09-20,Neutral,0.4074
2024-09-21,Neutral,0.4063
2024-09-22,Neutral,0.403
2024-09-23,Neutral,0.4265
2024-09-24,Neutral,0.3996
2024-09-25,Neutral,0.421
2024-09-26,Neutral,0.3851
2024-09-27,Neutral,0.3905
2024-09-28,Neutral,0.3615
2024-09-29,Neutral,0.3434
2024-09-30,Neutral,0.4067
2024-10-01,Neutral,0.4197
2024-10-02,Neutral,0.4567
2024-10-03,Neutral,0.4454
2024-10-04,Neutral,0.3954
2024-10-05,Neutral,0.3817
2024-10-06,Neutral,0.3841
2024-10-07,Neutral,0.3984
2024-10-08,Neutral,0.3845
2024-10-09,Neutral,0.4391
2024-10-10,Neutral,0.4616
2024-10-11,Neutral,0.3968
2024-10-12,Neutral,0.3638
2024-10-13,Neutral,0.3613
2024-10-14,Neutral,0.3553
2024-10-15,Neutral,0.2877
2024-10-16,Neutral,0.2858
2024-10-17,Neutral,0.2581
2024-10-18,Neutral,0.236
2024-10-19,Neutral,0.2182
2024-10-20,Neutral,0.1704
2024-10-21,Neutral,0.1631
2024-10-22,Neutral,0.1948
2024-10-23,Neutral,0.1911
2024-10-24,Neutral,0.1628
2024-10-25,Neutral,0.1914
2024-10-26,Neutral,0.2443
2024-10-27,Neutral,0.1482
2024-10-28,Neutral,0.1285
2024-10-29,Neutral,0.0703
2024-10-30,Neutral,0.0505
2024-10-31,Neutral,0.0951
2024-11-01,Neutral,0.1121
2024-11-02,Neutral,0.1248
2024-11-03,Neutral,0.0692
2024-11-04,Neutral,0.0804
2024-11-05,Neutral,0.0776
2024-11-06,Neutral,-0.0413
2024-11-07,Neutral,-0.0916
2024-11-08,Neutral,-0.1253
2024-11-09,Neutral,-0.1316
2024-11-10,Neutral,-0.2216
2024-11-11,Neutral,-0.3448
2024-11-12,Neutral,-0.3453
2024-11-13,Neutral,-0.4026
2024-11-14,Neutral,-0.3173
2024-11-15,Neutral,-0.4465
2024-11-16,Neutral,-0.3977
2024-11-17,Neutral,-0.3996
2024-11-18,Neutral,-0.3895
2024-11-19,Neutral,-0.4218
2024-11-20,Neutral,-0.431
2024-11-21,Neutral,-0.4937
2024-11-22,Neutral,-0.4774
2024-11-23,Neutral,-0.4873
2024-11-24,Neutral,-0.5091
2024-11-25,Neutral,-0.4083
2024-11-26,Neutral,-0.4649
2024-11-27,Neutral,-0.5325
2024-11-28,Neutral,-0.557
2024-11-29,Neutral,-0.5176
2024-11-30,Neutral,-0.5123
2024-12-01,Neutral,-0.4956
2024-12-02,Neutral,-0.5317
2024-12-03,Neutral,-0.5583
2024-12-04,Neutral,-0.4869
2024-12-05,Neutral,-0.4503
2024-12-06,Neutral,-0.4682
2024-12-07,Neutral,-0.5512
2024-12-08,Neutral,-0.5453
2024-12-09,Neutral,-0.4565
2024-12-10,Neutral,-0.4498
2024-12-11,Neutral,-0.5611
2024-12-12,Neutral,-0.5046
2024-12-13,Neutral,-0.5173
2024-12-14,Neutral,-0.615
2024-12-15,Neutral,-0.5221
2024-12-16,Neutral,-0.5599
2024-12-17,Neutral,-0.5336
2024-12-18,Neutral,-0.55
2024-12-19,Neutral,-0.4533
2024-12-20,Neutral,-0.5019
2024-12-21,Neutral,-0.5171
2024-12-22,Neutral,-0.4838
2024-12-23,Neutral,-0.3956
2024-12-24,Neutral,-0.5043
2024-12-25,Neutral,-0.4699
2024-12-26,Neutral,-0.4317
2024-12-27,Neutral,-0.4819
2024-12-28,Neutral,-0.4875
2024-12-29,Neutral,-0.456
2024-12-30,Neutral,-0.323
2024-12-31,Neutral,-0.3924
2025-01-01,Neutral,-0.4706
2025-01-02,Neutral,-0.3678
2025-01-03,Neutral,-0.3983
2025-01-04,Neutral,-0.4664
2025-01-05,Neutral,-0.3986
2025-01-06,Neutral,-0.4276
2025-01-07,Neutral,-0.3357
2025-01-08,Neutral,-0.323
2025-01-09,Neutral,-0.3086
2025-01-10,Neutral,-0.3173
2025-01-11,Neutral,-0.4126
2025-01-12,Neutral,-0.3282
2025-01-13,Neutral,-0.3151
2025-01-14,Neutral,-0.3347
2025-01-15,Neutral,-0.3693
2025-01-16,Neutral,-0.3736
2025-01-17,Neutral,-0.4045
2025-01-18,Neutral,-0.4992
2025-01-19,Neutral,-0.3645
2025-01-20,Neutral,-0.3995
2025-01-21,Neutral,-0.4133
2025-01-22,Neutral,-0.4544
2025-01-23,Neutral,-0.4775
2025-01-24,Neutral,-0.3907
2025-01-25,Neutral,-0.497
2025-01-26,Neutral,-0.4186
2025-01-27,Neutral,-0.324
2025-01-28,Neutral,-0.3801
2025-01-29,Neutral,-0.4041
2025-01-30,Neutral,-0.3635
2025-01-31,Neutral,-0.3331
2025-02-01,Neutral,-0.4255
2025-02-02,Neutral,-0.2971
2025-02-03,Neutral,-0.3031
2025-02-04,Neutral,-0.2239
2025-02-05,Neutral,-0.3604
2025-02-06,Neutral,-0.3149
2025-02-07,Neutral,-0.1908
2025-02-08,Neutral,-0.251
2025-02-09,Neutral,-0.3206
2025-02-10,Neutral,-0.2355
2025-02-11,Neutral,-0.2605
2025-02-12,Neutral,-0.2066
2025-02-13,Neutral,-0.182
2025-02-14,Neutral,-0.1951
2025-02-15,Neutral,-0.2701
2025-02-16,Neutral,-0.1645
2025-02-17,Neutral,-0.1358
2025-02-18,Neutral,-0.0905
2025-02-19,Neutral,-0.1
2025-02-20,Neutral,-0.1296
2025-02-21,Neutral,-0.0231
2025-02-22,Neutral,-0.0688
2025-02-23,Neutral,-0.0096
2025-02-24,Neutral,0.057
2025-02-25,Neutral,0.0919
2025-02-26,Neutral,0.2164
2025-02-27,Neutral,0.2998
2025-02-28,Neutral,0.2977
2025-03-01,Neutral,0.2021
2025-03-02,Neutral,0.1046
2025-03-03,Neutral,0.2441
2025-03-04,Neutral,0.2933
2025-03-05,Neutral,0.2426
2025-03-06,Neutral,0.2648
2025-03-07,Neutral,0.3334
2025-03-08,Neutral,0.2623
2025-03-09,Neutral,0.4332
2025-03-10,Bull,0.4452
2025-03-11,Neutral,0.4237
2025-03-12,Neutral,0.4361
2025-03-13,Neutral,0.4263
2025-03-14,Neutral,0.3755
2025-03-15,Neutral,0.3397
2025-03-16,Neutral,0.4203
2025-03-17,Neutral,0.4148
2025-03-18,Neutral,0.4412
2025-03-19,Neutral,0.3806
2025-03-20,Neutral,0.3986
2025-03-21,Neutral,0.4195
2025-03-22,Neutral,0.3127
2025-03-23,Neutral,0.4185
2025-03-24,Neutral,0.3878
2025-03-25,Neutral,0.3957
2025-03-26,Neutral,0.3733
2025-03-27,Neutral,0.3867
2025-03-28,Neutral,0.3926
2025-03-29,Neutral,0.4709
2025-03-30,Neutral,0.4827
2025-03-31,Neutral,0.4633
2025-04-01,Neutral,0.4471
2025-04-02,Neutral,0.4876
2025-04-03,Neutral,0.3595
2025-04-04,Neutral,0.4754
2025-04-05,Neutral,0.434
2025-04-06,Bull,0.5692
2025-04-07,Bull,0.4959
2025-04-08,Bull,0.5788
2025-04-09,Neutral,0.4878
2025-04-10,Bull,0.5512
2025-04-11,Neutral,0.4483
2025-04-12,Neutral,0.4657
2025-04-13,Neutral,0.4311
2025-04-14,Neutral,0.4653
2025-04-15,Neutral,0.464
2025-04-16,Neutral,0.4762
2025-04-17,Neutral,0.4615
2025-04-18,Neutral,0.4597
2025-04-19,Neutral,0.4637
2025-04-20,Neutral,0.4403
2025-04-21,Neutral,0.4124
2025-04-22,Neutral,0.3541
2025-04-23,Neutral,0.3199
2025-04-24,Neutral,0.3192
2025-04-25,Neutral,0.3436
2025-04-26,Neutral,0.3129
2025-04-27,Neutral,0.3044
2025-04-28,Neutral,0.3224
2025-04-29,Neutral,0.2685
2025-04-30,Neutral,0.3291
2025-05-01,Neutral,0.287
2025-05-02,Neutral,0.2663
2025-05-03,Neutral,0.2462
2025-05-04,Neutral,0.2593
2025-05-05,Neutral,0.2289
2025-05-06,Neutral,0.1984
2025-05-07,Neutral,0.239
2025-05-08,Neutral,0.1595
2025-05-09,Neutral,0.1247
2025-05-10,Neutral,0.0951
2025-05-11,Neutral,0.0256
2025-05-12,Neutral,0.0484
2025-05-13,Neutral,-0.0212
2025-05-14,Neutral,-0.0031
2025-05-15,Neutral,-0.1131
2025-05-16,Neutral,-0.1108
2025-05-17,Neutral,-0.1365
2025-05-18,Neutral,-0.1941
2025-05-19,Neutral,-0.1914
2025-05-20,Neutral,-0.1901
2025-05-21,Neutral,-0.2454
2025-05-22,Neutral,-0.2479
2025-05-23,Neutral,-0.2231
2025-05-24,Neutral,-0.253
2025-05-25,Neutral,-0.3181
2025-05-26,Neutral,-0.2976
2025-05-27,Neutral,-0.2396
2025-05-28,Neutral,-0.2471
2025-05-29,Neutral,-0.2766
2025-05-30,Neutral,-0.1971
2025-05-31,Neutral,-0.2445
2025-06-01,Neutral,-0.2303
2025-06-02,Neutral,-0.192
2025-06-03,Neutral,-0.1972
2025-06-04,Neutral,-0.2554
2025-06-05,Neutral,-0.1604
2025-06-06,Neutral,-0.1669
2025-06-07,Neutral,-0.2258
2025-06-08,Neutral,-0.2556
2025-06-09,Neutral,-0.2364
2025-06-10,Neutral,-0.2133
2025-06-11,Neutral,-0.1909
2025-06-12,Neutral,-0.1895
2025-06-13,Neutral,-0.2758
2025-06-14,Neutral,-0.1928
2025-06-15,Neutral,-0.1933
2025-06-16,Neutral,-0.1681
2025-06-17,Neutral,-0.1441
2025-06-18,Neutral,-0.1151
2025-06-19,Neutral,-0.1296
2025-06-20,Neutral,-0.1085
2025-06-21,Neutral,-0.0793
2025-06-22,Neutral,-0.0618
2025-06-23,Neutral,-0.0649
2025-06-24,Neutral,-0.0765
2025-06-25,Neutral,-0.0735
2025-06-26,Neutral,-0.1353
2025-06-27,Neutral,-0.0923
2025-06-28,Neutral,-0.0567
2025-06-29,Neutral,-0.0808
2025-06-30,Neutral,-0.1155
2025-07-01,Neutral,-0.1161
2025-07-02,Neutral,-0.0792
2025-07-03,Neutral,-0.1051
2025-07-04,Neutral,-0.234
2025-07-05,Neutral,-0.108
2025-07-06,Neutral,-0.0809
2025-07-07,Neutral,-0.1188
2025-07-08,Neutral,-0.1282
2025-07-09,Neutral,-0.203
2025-07-10,Neutral,-0.1525
2025-07-11,Neutral,-0.1605
2025-07-12,Neutral,-0.2781
2025-07-13,Neutral,-0.1986
2025-07-14,Neutral,-0.2105
2025-07-15,Neutral,-0.207
2025-07-16,Neutral,-0.1607
2025-07-17,Neutral,-0.1896
2025-07-18,Neutral,-0.2027
2025-07-19,Neutral,-0.3317
2025-07-20,Neutral,-0.2407
2025-07-21,Neutral,-0.2338
2025-07-22,Neutral,-0.298
2025-07-23,Neutral,-0.3575
2025-07-24,Neutral,-0.2995
2025-07-25,Neutral,-0.3097
2025-07-26,Neutral,-0.3148
2025-07-27,Neutral,-0.2934
2025-07-28,Neutral,-0.3276
2025-07-29,Neutral,-0.2779
2025-07-30,Neutral,-0.36
2025-07-31,Neutral,-0.2495
2025-08-01,Neutral,-0.2233
2025-08-02,Neutral,-0.2618
2025-08-03,Neutral,-0.303
2025-08-04,Neutral,-0.2325
2025-08-05,Neutral,-0.2763
2025-08-06,Neutral,-0.2248
2025-08-07,Neutral,-0.2684
2025-08-08,Neutral,-0.2447
2025-08-09,Neutral,-0.2836
2025-08-10,Neutral,-0.2646
2025-08-11,Neutral,-0.2725
2025-08-12,Neutral,-0.2461
2025-08-13,Neutral,-0.2775
2025-08-14,Neutral,-0.2485
2025-08-15,Neutral,-0.2013
2025-08-16,Neutral,-0.3863
2025-08-17,Neutral,-0.2504
2025-08-18,Neutral,-0.2046
2025-08-19,Neutral,-0.1602
2025-08-20,Neutral,-0.1472
2025-08-21,Neutral,-0.1176
2025-08-22,Neutral,-0.1334
2025-08-23,Neutral,-0.1536
2025-08-24,Neutral,-0.1694
2025-08-25,Neutral,-0.1042
2025-08-26,Neutral,-0.0419
2025-08-27,Neutral,-0.0256
2025-08-28,Neutral,-0.0212
2025-08-29,Neutral,0.0076
2025-08-30,Neutral,0.0166
2025-08-31,Neutral,-0.0204
2025-09-01,Neutral,0.0536
2025-09-02,Neutral,0.0258
2025-09-03,Neutral,0.0623
2025-09-04,Neutral,0.0621
2025-09-05,Neutral,0.0706
2025-09-06,Neutral,0.0721
2025-09-07,Neutral,0.0801
2025-09-08,Neutral,0.0923
2025-09-09,Neutral,0.1453
2025-09-10,Neutral,0.142
2025-09-11,Neutral,0.1326
2025-09-12,Neutral,0.1411
2025-09-13,Neutral,0.1089
2025-09-14,Neutral,0.1493
2025-09-15,Neutral,0.0933
2025-09-16,Neutral,0.1665
2025-09-17,Neutral,0.1563
2025-09-18,Neutral,0.1765
2025-09-19,Neutral,0.1451
2025-09-20,Neutral,0.1464
2025-09-21,Neutral,0.1419
2025-09-22,Neutral,0.1825
2025-09-23,Neutral,0.223
2025-09-24,Neutral,0.2157
2025-09-25,Neutral,0.264
2025-09-26,Bull,0.2822
2025-09-27,Neutral,0.2543
2025-09-28,Neutral,0.2476
2025-09-29,Neutral,0.2196
2025-09-30,Neutral,0.2172
2025-10-01,Neutral,0.1892
2025-10-02,Neutral,0.1855
2025-10-03,Neutral,0.1675
2025-10-04,Neutral,0.112
2025-10-05,Neutral,0.089
2025-10-06,Neutral,0.0571
2025-10-07,Neutral,0.0655
2025-10-08,Neutral,0.0729
2025-10-09,Neutral,0.0609
2025-10-10,Neutral,0.1651
2025-10-11,Neutral,0.1804
2025-10-12,Neutral,0.16
2025-10-13,Neutral,0.1891
2025-10-14,Neutral,0.2314
2025-10-15,Neutral,0.2226
2025-10-16,Neutral,0.3186
2025-10-17,Neutral,0.3284
2025-10-18,Neutral,0.3235
2025-10-19,Neutral,0.3063
2025-10-20,Neutral,0.3149
2025-10-21,Bull,0.3534
2025-10-22,Bull,0.3373
2025-10-23,Neutral,0.3544
2025-10-24,Bull,0.3526
2025-10-25,Neutral,0.3338
2025-10-26,Neutral,0.2547
2025-10-27,Neutral,0.2683
2025-10-28,Neutral,0.3121
2025-10-29,Neutral,0.3485
2025-10-30,Bull,0.3913
2025-10-31,Bull,0.3835
2025-11-01,Neutral,0.3475
2025-11-02,Neutral,0.3689
2025-11-03,Bull,0.3921
2025-11-04,Bull,0.5377
2025-11-05,Bull,0.5251
2025-11-06,Bull,0.5685
2025-11-07,Bull,0.4933
2025-11-08,Neutral,0.5296
2025-11-09,Bull,0.5299
2025-11-10,Bull,0.5298
2025-11-11,Bull,0.5788
2025-11-12,Bull,0.597
2025-11-13,Bull,0.6283
2025-11-14,Bull,0.6987
2025-11-15,Bull,0.668
2025-11-16,Bull,0.6763
2025-11-17,Bull,0.7127
2025-11-18,Bull,0.7108
2025-11-19,Bull,0.7463
2025-11-20,Bull,0.7705
2025-11-21,Bull,0.7991
2025-11-22,Bull,0.8001
2025-11-23,Bull,0.731
2025-11-24,Bull,0.7646
2025-11-25,Bull,0.6927
2025-11-26,Bull,0.7511
2025-11-27,Bull,0.7441
2025-11-28,Bull,0.7638
2025-11-29,Bull,0.78
2025-11-30,Bull,0.7659
2025-12-01,Bull,0.8003
2025-12-02,Bull,0.7692
2025-12-03,Bull,0.7538
2025-12-04,Bull,0.7645
2025-12-05,Bull,0.7456
2025-12-06,Bull,0.7877
2025-12-07,Bull,0.7626
2025-12-08,Bull,0.7548
2025-12-09,Bull,0.7556
2025-12-10,Bull,0.7548
2025-12-11,Bull,0.7635
2025-12-12,Bull,0.7954
2025-12-13,Bull,0.8357
2025-12-14,Bull,0.8117
2025-12-15,Bull,0.8283
2025-12-16,Bull,0.8149
2025-12-17,Bull,0.8411
2025-12-18,Bull,0.8349
2025-12-19,Bull,0.8143
2025-12-20,Bull,0.8975
2025-12-21,Bull,0.7627
2025-12-22,Bull,0.7981
2025-12-23,Bull,0.8055
2025-12-24,Bull,0.797
2025-12-25,Bull,0.7788
2025-12-26,Bull,0.7984
2025-12-27,Bull,0.851
2025-12-28,Bull,0.7984
2025-12-29,Bull,0.8004
2025-12-30,Bull,0.8015
2025-12-31,Bull,0.826
2026-01-01,Bull,0.794
2026-01-02,Bull,0.7783
2026-01-03,Bull,0.8269
2026-01-04,Bull,0.7638
2026-01-05,Bull,0.7354
2026-01-06,Bull,0.7177
2026-01-07,Bull,0.7585
2026-01-08,Bull,0.7618
2026-01-09,Bull,0.7857
2026-01-10,Bull,0.8389
2026-01-11,Bull,0.7345
2026-01-12,Bull,0.723
2026-01-13,Bull,0.6954
2026-01-14,Bull,0.6753
2026-01-15,Bull,0.71
2026-01-16,Bull,0.7151
2026-01-17,Bull,0.7328
2026-01-18,Bull,0.6691
2026-01-19,Bull,0.6826
2026-01-20,Bull,0.7419
2026-01-21,Bull,0.7407
2026-01-22,Bull,0.7399
2026-01-23,Bull,0.7354
2026-01-24,Bull,0.8082
2026-01-25,Bull,0.7506
2026-01-26,Bull,0.7521
2026-01-27,Bull,0.7367
2026-01-28,Bull,0.7508
2026-01-29,Bull,0.7873
2026-01-30,Bull,0.792
2026-01-31,Bull,0.9564
2026-02-01,Bull,0.8721
2026-02-02,Bull,0.8705
2026-02-03,Bull,0.9111
2026-02-04,Bull,0.9806
2026-02-05,Bull,1.1505
2026-02-06,Bull,1.0399
2026-02-07,Bull,1.1496
2026-02-08,Bull,1.0
2026-02-09,Bull,1.0816
2026-02-10,Bull,1.063
2026-02-11,Bull,1.1483
2026-02-12,Bull,1.1441
2026-02-13,Bull,1.134
2026-02-14,Bull,1.1747
2026-02-15,Bull,1.0848
2026-02-16,Bull,1.1218
2026-02-17,Bull,1.115
2026-02-18,Bull,1.1864
2026-02-19,Bull,1.129
2026-02-20,Bull,1.1772
2026-02-21,Bull,1.2132
2026-02-22,Bull,1.1225
2026-02-23,Bull,1.1913
2026-02-24,Bull,1.2206
2026-02-25,Bull,1.1126
2026-02-26,Bull,1.1344
2026-02-27,Bull,1.2265
2026-02-28,Bull,1.2764
2026-03-01,Bull,1.2081
2026-03-02,Bull,1.1409
2026-03-03,Bull,1.1512
2026-03-04,Bull,1.0334
2026-03-05,Bull,1.1255
2026-03-06,Bull,1.1714
2026-03-07,Bull,1.2397
2026-03-08,Bull,1.1282
2026-03-09,Bull,1.1602
2026-03-10,Bull,1.1366
2026-03-11,Bull,1.1536
2026-03-12,Bull,1.1231
2026-03-13,Bull,1.0722
2026-03-14,Bull,1.2102
2026-03-15,Bull,1.0491
2026-03-16,Bull,1.0245
2026-03-17,Bull,1.0534
2026-03-18,Bull,1.1338
2026-03-19,Bull,1.1387
2026-03-20,Bull,1.0998
2026-03-21,Bull,1.1931
2026-03-22,Bull,1.0488
2026-03-23,Bull,1.0552
2026-03-24,Bull,1.0722
2026-03-25,Bull,1.1087
2026-03-26,Bull,1.1561
2026-03-27,Bull,1.2004
2026-03-28,Bull,1.3059
2026-03-29,Bull,1.1726
2026-03-30,Bull,1.1976
2026-03-31,Bull,1.1006
2026-04-01,Bull,1.1434
2026-04-02,Bull,1.1791
2026-04-03,Bull,1.1853
2026-04-04,Bull,1.2468
2026-04-05,Bull,0.9777
2026-04-06,Bull,1.1243
2026-04-07,Bull,1.0575
2026-04-08,Bull,1.0865
2026-04-09,Bull,1.0454
2026-04-10,Bull,1.0127
2026-04-11,Bull,1.1423
2026-04-12,Bull,1.0157
2026-04-13,Bull,0.952
2026-04-14,Bull,1.0315
2026-04-15,Bull,1.0252
2026-04-16,Bull,0.9627
2026-04-17,Bull,0.9622
2026-04-18,Bull,1.0963
2026-04-19,Bull,0.9846
2026-04-20,Bull,0.9824
2026-04-21,Bull,0.9249
2026-04-22,Bull,0.9565
2026-04-23,Bull,0.8834
2026-04-24,Bull,0.8763
2026-04-25,Bull,0.9983
2026-04-26,Bull,0.8454
2026-04-27,Bull,0.9276
2026-04-28,Bull,0.9093
2026-04-29,Bull,0.9479
2026-04-30,Bull,0.9367
2026-05-01,Bull,0.8367
2026-05-02,Bull,1.0006
2026-05-03,Bull,0.7888
2026-05-04,Bull,0.7876
2026-05-05,Bull,0.8241
2026-05-06,Bull,0.8034
2026-05-07,Bull,0.8442
2026-05-08,Bull,0.8429
2026-05-09,Bull,0.8932
2026-05-10,Bull,0.7475
2026-05-11,Bull,0.7861
2026-05-12,Bull,0.7839
2026-05-13,Bull,0.7999
2026-05-14,Bull,0.8317
2026-05-15,Bull,0.8419
2026-05-16,Bull,0.9316
2026-05-17,Bull,0.8152
2026-05-18,Bull,0.8714
2026-05-19,Bull,0.9003
2026-05-20,Bull,0.8952
2026-05-21,Bull,0.8653
2026-05-22,Bull,0.9088
2026-05-23,Bull,1.021
2026-05-24,Bull,0.8944
2026-05-25,Bull,0.8488
2026-05-26,Bull,0.9201
2026-05-27,Bull,0.9519
2026-05-28,Bull,0.997
2026-05-29,Bull,0.9719
2026-05-30,Bull,1.0863
2026-05-31,Bull,0.9335
2026-06-01,Bull,1.0153
2026-06-02,Bull,1.1176
2026-06-03,Bull,1.1745
2026-06-04,Bull,1.2108
2026-06-05,Bull,1.2352
2026-06-06,Bull,1.3562
2026-06-07,Bull,1.1508
2026-06-08,Bull,1.2299
2026-06-09,Bull,1.2565
2026-06-10,Bull,1.2545
2026-06-11,Bull,1.2401
2026-06-12,Bull,1.2267
2026-06-13,Bull,1.2589
2026-06-14,Bull,1.1113
2026-06-15,Bull,1.1933
2026-06-16,Bull,1.1681
2026-06-17,Bull,1.198
2026-06-18,Bull,1.2581
2026-06-19,Bull,1.2573
2026-06-20,Bull,1.2992
2026-06-21,Bull,1.0632
2026-06-22,Bull,1.2238
2026-06-23,Bull,1.2575
2026-06-27,Neutral,0.0
