date,position,btc_price
2018-01-01,0.0,13506.63
2018-01-02,0.0,14835.27
2018-01-03,0.0,14945.38
2018-01-04,0.0,14913.55
2018-01-05,0.0,16851.53
2018-01-06,0.0,16829.33
2018-01-07,0.0,16333.65
2018-01-08,0.0,14893.38
2018-01-09,0.0,14338.82
2018-01-10,0.0,14427.53
2018-01-11,0.0,13337.97
2018-01-12,0.0,13699.2
2018-01-13,0.0,14255.45
2018-01-14,0.0,13508.2
2018-01-15,0.0,13817.3
2018-01-16,0.0,11065.67
2018-01-17,0.0,11115.03
2018-01-18,0.0,11141.43
2018-01-19,0.0,11357.64
2018-01-20,0.0,12836.61
2018-01-21,0.0,11330.31
2018-01-22,0.0,10549.66
2018-01-23,0.0,11081.26
2018-01-24,0.0,11140.56
2018-01-25,0.0,11208.03
2018-01-26,0.0,10868.91
2018-01-27,0.0,11468.28
2018-01-28,0.0,11740.81
2018-01-29,0.0,11138.81
2018-01-30,0.0,10131.19
2018-01-31,0.0,9994.76
2018-02-01,0.0,9095.86
2018-02-02,0.0,7165.13
2018-02-03,0.0,9129.56
2018-02-04,0.0,8300.45
2018-02-05,0.0,7169.48
2018-02-06,0.0,7662.5
2018-02-07,0.0,7682.96
2018-02-08,0.0,8233.98
2018-02-09,0.0,8531.35
2018-02-10,0.0,8518.34
2018-02-11,0.0,8302.25
2018-02-12,0.0,8913.42
2018-02-13,0.0,8527.34
2018-02-14,0.0,9446.19
2018-02-15,0.0,10099.54
2018-02-16,0.0,10200.59
2018-02-17,0.0,11074.6
2018-02-18,0.0,10471.06
2018-02-19,0.0,11123.15
2018-02-20,0.0,11347.32
2018-02-21,0.0,10457.0
2018-02-22,0.0,9897.47
2018-02-23,0.0,10118.07
2018-02-24,0.0,9662.37
2018-02-25,0.0,9605.77
2018-02-26,0.0,10293.2
2018-02-27,0.0,10688.46
2018-02-28,0.0,10522.72
2018-03-01,0.0,10949.78
2018-03-02,0.0,11025.98
2018-03-03,0.0,11410.49
2018-03-04,0.0,11459.99
2018-03-05,0.0,11588.13
2018-03-06,0.0,10694.91
2018-03-07,0.0,9935.86
2018-03-08,0.0,9330.9
2018-03-09,0.0,9236.99
2018-03-10,0.0,8803.84
2018-03-11,0.0,9526.92
2018-03-12,0.0,9138.26
2018-03-13,0.0,9147.18
2018-03-14,0.0,8223.4
2018-03-15,0.0,8267.39
2018-03-16,0.0,8509.42
2018-03-17,0.0,7910.54
2018-03-18,0.0,8201.3
2018-03-19,0.0,8511.3
2018-03-20,0.0,8915.9
2018-03-21,0.0,8873.61
2018-03-22,0.0,8708.87
2018-03-23,0.0,8711.45
2018-03-24,0.0,8623.88
2018-03-25,0.0,8595.88
2018-03-26,0.0,8174.66
2018-03-27,0.0,7927.86
2018-03-28,0.0,7947.73
2018-03-29,0.0,7155.45
2018-03-30,0.0,6826.63
2018-03-31,0.0,6931.09
2018-04-01,0.0,6804.1
2018-04-02,0.0,7013.81
2018-04-03,0.0,7421.72
2018-04-04,0.0,6766.14
2018-04-05,0.0,6799.85
2018-04-06,0.0,6610.95
2018-04-07,0.0,6918.15
2018-04-08,0.0,7007.6
2018-04-09,0.0,6709.86
2018-04-10,0.0,6832.21
2018-04-11,0.0,6925.21
2018-04-12,0.0,7854.43
2018-04-13,0.0,7937.94
2018-04-14,0.0,8039.27
2018-04-15,0.0,8323.93
2018-04-16,0.0,8036.98
2018-04-17,0.0,7873.12
2018-04-18,0.0,8159.4
2018-04-19,0.0,8276.73
2018-04-20,0.0,8815.77
2018-04-21,0.0,8812.75
2018-04-22,0.0,8816.19
2018-04-23,0.0,8915.86
2018-04-24,0.0,9572.15
2018-04-25,0.0,9115.79
2018-04-26,0.0,9214.02
2018-04-27,0.0,9019.22
2018-04-28,0.0,9335.98
2018-04-29,0.0,9405.87
2018-04-30,0.0,9223.89
2018-05-01,0.0,9092.06
2018-05-02,0.0,9223.28
2018-05-03,0.0,9745.35
2018-05-04,0.0,9671.86
2018-05-05,0.0,9798.02
2018-05-06,0.0,9577.45
2018-05-07,0.0,9333.71
2018-05-08,0.0,9221.75
2018-05-09,0.0,9308.7
2018-05-10,0.0,9097.71
2018-05-11,0.0,8421.18
2018-05-12,0.0,8495.41
2018-05-13,0.0,8712.61
2018-05-14,0.0,8670.47
2018-05-15,0.0,8495.75
2018-05-16,0.0,8316.24
2018-05-17,0.0,8044.28
2018-05-18,0.0,8227.63
2018-05-19,0.0,8224.61
2018-05-20,0.0,8516.04
2018-05-21,0.0,8413.03
2018-05-22,0.0,8016.94
2018-05-23,0.0,7505.59
2018-05-24,0.0,7587.03
2018-05-25,0.0,7417.37
2018-05-26,0.0,7329.4
2018-05-27,0.0,7333.12
2018-05-28,0.0,7107.25
2018-05-29,0.0,7437.02
2018-05-30,0.0,7354.2
2018-05-31,0.0,7484.83
2018-06-01,0.0,7505.36
2018-06-02,0.0,7624.59
2018-06-03,0.0,7678.93
2018-06-04,0.0,7497.26
2018-06-05,0.0,7596.35
2018-06-06,0.0,7663.27
2018-06-07,0.0,7669.05
2018-06-08,0.0,7618.71
2018-06-09,0.0,7591.05
2018-06-10,0.0,6718.01
2018-06-11,0.0,6786.01
2018-06-12,0.0,6527.65
2018-06-13,0.0,6303.71
2018-06-14,0.0,6629.29
2018-06-15,0.0,6421.68
2018-06-16,0.0,6490.03
2018-06-17,0.0,6464.28
2018-06-18,0.0,6689.49
2018-06-19,0.0,6740.13
2018-06-20,0.0,6752.45
2018-06-21,0.0,6700.6
2018-06-22,0.0,6080.22
2018-06-23,0.0,6173.53
2018-06-24,0.0,6158.55
2018-06-25,0.0,6238.91
2018-06-26,0.0,6131.94
2018-06-27,0.0,6160.69
2018-06-28,0.0,5917.1
2018-06-29,0.0,6238.83
2018-06-30,0.0,6348.65
2018-07-01,0.0,6383.76
2018-07-02,0.0,6620.09
2018-07-03,0.0,6599.68
2018-07-04,0.0,6670.32
2018-07-05,0.0,6532.12
2018-07-06,0.0,6601.96
2018-07-07,0.0,6761.83
2018-07-08,0.0,6698.35
2018-07-09,0.0,6684.58
2018-07-10,0.0,6367.68
2018-07-11,0.0,6381.34
2018-07-12,0.0,6165.64
2018-07-13,0.0,6213.18
2018-07-14,0.0,6242.49
2018-07-15,0.0,6366.2
2018-07-16,0.0,6681.54
2018-07-17,0.0,7327.13
2018-07-18,0.0,7353.21
2018-07-19,0.0,7484.1
2018-07-20,0.0,7327.9
2018-07-21,0.0,7417.9
2018-07-22,0.0,7411.63
2018-07-23,0.0,7712.38
2018-07-24,0.0,8320.58
2018-07-25,0.0,8231.61
2018-07-26,0.0,7931.94
2018-07-27,0.0,8202.69
2018-07-28,0.0,8201.37
2018-07-29,0.0,8219.23
2018-07-30,0.0,8147.77
2018-07-31,0.0,7685.92
2018-08-01,0.0,7586.37
2018-08-02,0.0,7531.22
2018-08-03,0.0,7416.28
2018-08-04,0.0,7001.86
2018-08-05,0.0,7018.16
2018-08-06,0.0,6917.67
2018-08-07,0.0,6713.43
2018-08-08,0.0,6250.03
2018-08-09,0.0,6558.9
2018-08-10,0.0,6110.87
2018-08-11,0.0,6383.53
2018-08-12,0.0,6311.4
2018-08-13,0.0,6248.63
2018-08-14,0.0,6168.39
2018-08-15,0.0,6310.99
2018-08-16,0.0,6286.01
2018-08-17,0.0,6540.88
2018-08-18,0.0,6390.25
2018-08-19,0.0,6496.57
2018-08-20,0.0,6282.02
2018-08-21,0.0,6461.52
2018-08-22,0.0,6380.94
2018-08-23,0.0,6522.03
2018-08-24,0.0,6684.85
2018-08-25,0.0,6731.68
2018-08-26,0.0,6682.27
2018-08-27,0.0,6753.23
2018-08-28,0.0,7086.91
2018-08-29,0.0,7051.47
2018-08-30,0.0,6936.37
2018-08-31,0.0,7012.16
2018-09-01,0.0,7170.17
2018-09-02,0.0,7257.48
2018-09-03,0.0,7247.41
2018-09-04,0.0,7332.76
2018-09-05,0.0,6914.49
2018-09-06,0.0,6470.87
2018-09-07,0.0,6396.05
2018-09-08,0.0,6174.52
2018-09-09,0.0,6242.85
2018-09-10,0.0,6301.31
2018-09-11,0.0,6264.83
2018-09-12,0.0,6308.72
2018-09-13,0.0,6469.35
2018-09-14,0.0,6521.82
2018-09-15,0.0,6530.52
2018-09-16,0.0,6475.57
2018-09-17,0.0,6242.87
2018-09-18,0.0,6323.85
2018-09-19,0.0,6384.17
2018-09-20,0.0,6472.93
2018-09-21,0.0,6739.08
2018-09-22,0.0,6687.34
2018-09-23,0.0,6690.58
2018-09-24,0.0,6602.22
2018-09-25,0.0,6393.51
2018-09-26,0.0,6459.0
2018-09-27,0.0,6682.44
2018-09-28,0.0,6618.4
2018-09-29,0.0,6600.23
2018-09-30,0.0,6609.89
2018-10-01,0.0,6557.08
2018-10-02,0.0,6534.74
2018-10-03,0.0,6463.13
2018-10-04,0.0,6538.61
2018-10-05,0.0,6596.29
2018-10-06,0.0,6547.07
2018-10-07,0.0,6536.96
2018-10-08,0.0,6617.82
2018-10-09,0.0,6608.93
2018-10-10,0.0,6548.37
2018-10-11,0.0,6209.82
2018-10-12,0.0,6229.34
2018-10-13,0.0,6230.47
2018-10-14,0.0,6235.53
2018-10-15,0.0,6462.52
2018-10-16,0.0,6469.68
2018-10-17,0.0,6468.71
2018-10-18,0.0,6408.4
2018-10-19,0.0,6430.66
2018-10-20,0.0,6449.18
2018-10-21,0.0,6508.56
2018-10-22,0.0,6439.05
2018-10-23,0.0,6426.94
2018-10-24,0.0,6449.97
2018-10-25,0.0,6438.47
2018-10-26,0.0,6443.32
2018-10-27,0.0,6442.21
2018-10-28,0.0,6427.69
2018-10-29,0.0,6284.24
2018-10-30,0.0,6295.24
2018-10-31,0.0,6312.64
2018-11-01,0.0,6362.9
2018-11-02,0.0,6369.32
2018-11-03,0.0,6325.04
2018-11-04,0.0,6436.71
2018-11-05,0.0,6405.06
2018-11-06,0.0,6453.18
2018-11-07,0.0,6526.35
2018-11-08,0.0,6444.26
2018-11-09,0.0,6335.71
2018-11-10,0.0,6384.18
2018-11-11,0.0,6333.34
2018-11-12,0.0,6362.22
2018-11-13,0.0,6368.56
2018-11-14,0.0,5564.98
2018-11-15,0.0,5555.61
2018-11-16,0.0,5513.78
2018-11-17,0.0,5550.7
2018-11-18,0.0,5592.15
2018-11-19,0.0,4887.7
2018-11-20,0.0,5025.57
2018-11-21,0.0,4551.39
2018-11-22,0.0,4457.25
2018-11-23,0.0,4315.41
2018-11-24,0.0,3854.72
2018-11-25,0.0,3990.72
2018-11-26,0.0,3723.08
2018-11-27,0.0,3826.49
2018-11-28,0.0,4224.99
2018-11-29,0.0,4238.82
2018-11-30,0.0,3981.06
2018-12-01,0.0,4186.37
2018-12-02,0.0,4125.79
2018-12-03,0.0,3869.93
2018-12-04,0.0,3925.44
2018-12-05,0.0,3744.66
2018-12-06,0.0,3619.56
2018-12-07,0.0,3393.72
2018-12-08,0.0,3366.92
2018-12-09,0.0,3582.23
2018-12-10,0.0,3462.06
2018-12-11,0.0,3358.25
2018-12-12,0.0,3462.3
2018-12-13,0.0,3298.32
2018-12-14,0.0,3218.02
2018-12-15,0.0,3227.51
2018-12-16,0.0,3235.05
2018-12-17,0.0,3537.3
2018-12-18,0.0,3580.2
2018-12-19,0.0,3746.26
2018-12-20,0.0,4071.72
2018-12-21,0.0,3869.87
2018-12-22,0.0,3985.11
2018-12-23,0.0,3965.33
2018-12-24,0.0,4076.35
2018-12-25,0.0,3794.14
2018-12-26,0.0,3833.51
2018-12-27,0.0,3617.74
2018-12-28,0.0,3904.54
2018-12-29,0.0,3931.99
2018-12-30,0.0,3845.37
2018-12-31,0.0,3705.78
2019-01-01,0.0,3833.42
2019-01-02,0.0,3911.93
2019-01-03,0.0,3801.6
2019-01-04,0.0,3844.24
2019-01-05,0.0,3838.4
2019-01-06,0.0,4056.09
2019-01-07,0.0,4022.23
2019-01-08,0.0,4015.56
2019-01-09,0.0,4021.71
2019-01-10,0.0,3636.85
2019-01-11,0.0,3635.66
2019-01-12,0.0,3633.03
2019-01-13,0.0,3512.78
2019-01-14,0.0,3675.06
2019-01-15,0.0,3589.65
2019-01-16,0.0,3603.91
2019-01-17,0.0,3637.46
2019-01-18,0.0,3628.0
2019-01-19,0.0,3704.58
2019-01-20,0.0,3549.4
2019-01-21,0.0,3542.54
2019-01-22,0.0,3588.43
2019-01-23,0.0,3559.53
2019-01-24,0.0,3582.51
2019-01-25,0.0,3579.3
2019-01-26,0.0,3562.73
2019-01-27,0.0,3552.23
2019-01-28,0.0,3435.75
2019-01-29,0.0,3413.0
2019-01-30,0.0,3456.29
2019-01-31,0.0,3430.78
2019-02-01,0.0,3463.62
2019-02-02,0.0,3462.24
2019-02-03,0.0,3425.86
2019-02-04,0.0,3429.65
2019-02-05,0.0,3446.29
2019-02-06,0.0,3386.23
2019-02-07,0.0,3381.43
2019-02-08,0.0,3624.51
2019-02-09,0.0,3634.88
2019-02-10,0.0,3653.3
2019-02-11,0.0,3616.14
2019-02-12,0.0,3601.99
2019-02-13,0.0,3596.99
2019-02-14,0.0,3584.88
2019-02-15,0.0,3593.31
2019-02-16,0.0,3605.74
2019-02-17,0.0,3623.76
2019-02-18,0.0,3876.96
2019-02-19,0.0,3912.46
2019-02-20,0.0,3963.3
2019-02-21,0.0,3919.76
2019-02-22,0.0,3972.29
2019-02-23,0.0,4128.2
2019-02-24,0.0,3774.26
2019-02-25,0.0,3843.66
2019-02-26,0.0,3815.98
2019-02-27,0.0,3830.26
2019-02-28,0.0,3808.62
2019-03-01,0.0,3838.27
2019-03-02,0.0,3814.4
2019-03-03,0.0,3800.82
2019-03-04,0.0,3718.17
2019-03-05,0.0,3848.41
2019-03-06,0.0,3861.68
2019-03-07,0.0,3875.13
2019-03-08,0.0,3849.29
2019-03-09,0.0,3928.86
2019-03-10,0.0,3926.51
2019-03-11,0.0,3872.07
2019-03-12,0.0,3881.77
2019-03-13,0.0,3864.63
2019-03-14,0.0,3863.11
2019-03-15,0.0,3915.92
2019-03-16,0.0,4010.85
2019-03-17,0.0,3986.22
2019-03-18,0.0,3985.19
2019-03-19,0.0,4013.68
2019-03-20,0.0,4032.79
2019-03-21,0.0,3983.25
2019-03-22,0.0,3986.64
2019-03-23,0.0,3991.51
2019-03-24,0.0,3983.25
2019-03-25,0.0,3919.29
2019-03-26,0.0,3930.73
2019-03-27,0.0,4024.65
2019-03-28,0.0,4023.29
2019-03-29,0.0,4087.82
2019-03-30,0.0,4085.11
2019-03-31,0.0,4108.13
2019-04-01,0.0,4141.58
2019-04-02,0.0,4792.97
2019-04-03,0.0,4962.09
2019-04-04,0.0,4896.52
2019-04-05,0.0,5016.36
2019-04-06,0.0,5066.39
2019-04-07,0.0,5187.32
2019-04-08,0.0,5257.5
2019-04-09,0.0,5191.49
2019-04-10,0.0,5295.62
2019-04-11,0.0,5039.55
2019-04-12,0.0,5070.32
2019-04-13,0.0,5070.0
2019-04-14,0.0,5131.83
2019-04-15,0.0,5044.91
2019-04-16,0.0,5187.89
2019-04-17,0.0,5205.78
2019-04-18,0.0,5253.14
2019-04-19,0.0,5273.83
2019-04-20,0.0,5305.93
2019-04-21,0.0,5286.52
2019-04-22,0.0,5372.29
2019-04-23,0.0,5556.46
2019-04-24,0.0,5436.56
2019-04-25,0.0,5141.43
2019-04-26,0.0,5133.09
2019-04-27,0.0,5208.06
2019-04-28,0.0,5129.73
2019-04-29,0.0,5141.29
2019-04-30,0.0,5252.77
2019-05-01,0.0,5310.11
2019-05-02,0.0,5382.73
2019-05-03,0.0,5672.23
2019-05-04,0.0,5567.71
2019-05-05,0.0,5740.0
2019-05-06,0.0,5690.2
2019-05-07,0.0,5883.23
2019-05-08,0.0,5916.57
2019-05-09,0.0,6162.47
2019-05-10,0.0,6357.32
2019-05-11,0.0,7336.72
2019-05-12,0.0,6931.49
2019-05-13,0.0,7781.03
2019-05-14,0.0,7933.2
2019-05-15,0.0,8201.52
2019-05-16,0.0,7860.0
2019-05-17,0.0,7253.72
2019-05-18,0.0,7261.17
2019-05-19,0.0,8225.55
2019-05-20,0.0,7964.33
2019-05-21,0.0,7961.18
2019-05-22,1.0,7683.78
2019-05-23,1.0,7893.22
2019-05-24,1.0,8017.23
2019-05-25,1.0,8039.9
2019-05-26,1.0,8694.91
2019-05-27,1.0,8803.49
2019-05-28,1.0,8711.31
2019-05-29,1.0,8641.8
2019-05-30,1.0,8261.87
2019-05-31,1.0,8518.67
2019-06-01,1.0,8554.69
2019-06-02,1.0,8716.8
2019-06-03,1.0,8460.78
2019-06-04,1.0,7658.94
2019-06-05,1.0,7768.43
2019-06-06,1.0,7754.0
2019-06-07,1.0,8031.74
2019-06-08,1.0,7939.5
2019-06-09,1.0,7601.62
2019-06-10,1.0,7954.95
2019-06-11,1.0,7937.6
2019-06-12,1.0,8128.39
2019-06-13,1.0,8191.94
2019-06-14,1.0,8694.13
2019-06-15,1.0,8819.01
2019-06-16,1.0,9026.88
2019-06-17,1.0,9333.21
2019-06-18,1.0,9019.53
2019-06-19,1.0,9295.74
2019-06-20,1.0,9538.98
2019-06-21,1.0,9885.08
2019-06-22,1.0,10677.2
2019-06-23,1.0,10787.58
2019-06-24,1.0,10972.6
2019-06-25,1.0,11340.69
2019-06-26,1.0,12696.75
2019-06-27,1.0,11076.42
2019-06-28,1.0,12327.8
2019-06-29,1.0,11986.98
2019-06-30,1.0,10962.19
2019-07-01,1.0,10525.85
2019-07-02,1.0,10729.56
2019-07-03,1.0,11898.21
2019-07-04,1.0,11184.18
2019-07-05,1.0,10980.65
2019-07-06,1.0,11208.33
2019-07-07,1.0,11465.64
2019-07-08,1.0,12323.36
2019-07-09,1.0,12572.29
2019-07-10,1.0,12117.68
2019-07-11,0.0,11275.82
2019-07-12,0.0,11807.06
2019-07-13,0.0,11337.15
2019-07-14,0.0,10544.99
2019-07-15,0.0,10905.02
2019-07-16,0.0,9486.81
2019-07-17,0.0,9676.36
2019-07-18,1.0,10623.45
2019-07-19,1.0,10508.76
2019-07-20,1.0,10981.62
2019-07-21,1.0,10580.54
2019-07-22,1.0,10324.34
2019-07-23,1.0,9886.74
2019-07-24,1.0,9769.57
2019-07-25,1.0,9894.94
2019-07-26,1.0,9797.97
2019-07-27,1.0,9443.14
2019-07-28,1.0,9543.07
2019-07-29,1.0,9515.18
2019-07-30,1.0,9565.74
2019-07-31,1.0,10016.3
2019-08-01,1.0,10374.76
2019-08-02,1.0,10484.71
2019-08-03,1.0,10826.87
2019-08-04,1.0,10974.06
2019-08-05,1.0,11759.3
2019-08-06,1.0,11345.94
2019-08-07,1.0,11921.92
2019-08-08,1.0,11840.26
2019-08-09,1.0,11870.77
2019-08-10,1.0,11314.72
2019-08-11,1.0,11491.32
2019-08-12,1.0,11380.73
2019-08-13,1.0,10844.45
2019-08-14,1.0,10049.49
2019-08-15,1.0,10335.32
2019-08-16,1.0,10373.04
2019-08-17,1.0,10215.57
2019-08-18,1.0,10351.98
2019-08-19,1.0,10819.92
2019-08-20,1.0,10780.72
2019-08-21,1.0,10100.57
2019-08-22,1.0,10117.99
2019-08-23,1.0,10394.34
2019-08-24,1.0,10114.88
2019-08-25,1.0,10089.24
2019-08-26,1.0,10340.08
2019-08-27,1.0,10128.56
2019-08-28,1.0,9713.22
2019-08-29,1.0,9462.31
2019-08-30,1.0,9567.41
2019-08-31,1.0,9605.15
2019-09-01,1.0,9770.96
2019-09-02,0.0,10370.54
2019-09-03,1.0,10618.64
2019-09-04,1.0,10587.62
2019-09-05,1.0,10581.73
2019-09-06,1.0,10352.65
2019-09-07,1.0,10480.58
2019-09-08,1.0,10393.9
2019-09-09,1.0,10339.93
2019-09-10,1.0,10096.12
2019-09-11,1.0,10109.7
2019-09-12,1.0,10376.05
2019-09-13,1.0,10318.35
2019-09-14,1.0,10355.92
2019-09-15,1.0,10313.03
2019-09-16,1.0,10255.0
2019-09-17,1.0,10222.81
2019-09-18,1.0,10152.54
2019-09-19,1.0,10234.96
2019-09-20,1.0,10130.05
2019-09-21,1.0,10005.17
2019-09-22,1.0,10013.52
2019-09-23,1.0,9689.41
2019-09-24,1.0,8711.52
2019-09-25,1.0,8426.68
2019-09-26,1.0,8118.39
2019-09-27,1.0,8210.36
2019-09-28,1.0,8187.31
2019-09-29,1.0,8058.04
2019-09-30,1.0,8239.43
2019-10-01,1.0,8322.87
2019-10-02,1.0,8321.44
2019-10-03,1.0,8242.94
2019-10-04,1.0,8171.37
2019-10-05,1.0,8132.76
2019-10-06,1.0,7863.43
2019-10-07,1.0,8227.71
2019-10-08,1.0,8203.68
2019-10-09,1.0,8606.44
2019-10-10,1.0,8588.81
2019-10-11,1.0,8314.93
2019-10-12,1.0,8327.49
2019-10-13,1.0,8274.94
2019-10-14,1.0,8320.96
2019-10-15,1.0,8134.62
2019-10-16,1.0,7997.1
2019-10-17,1.0,8048.86
2019-10-18,1.0,7949.7
2019-10-19,0.0,7944.07
2019-10-20,0.0,8220.89
2019-10-21,0.0,8222.96
2019-10-22,0.0,8036.63
2019-10-23,0.0,7436.1
2019-10-24,0.0,7467.2
2019-10-25,0.0,8622.5
2019-10-26,0.0,9220.01
2019-10-27,0.0,9569.22
2019-10-28,0.0,9441.98
2019-10-29,1.0,9440.76
2019-10-30,1.0,9174.39
2019-10-31,1.0,9138.28
2019-11-01,1.0,9223.71
2019-11-02,1.0,9327.1
2019-11-03,1.0,9216.33
2019-11-04,1.0,9426.69
2019-11-05,1.0,9336.11
2019-11-06,1.0,9336.03
2019-11-07,1.0,9218.74
2019-11-08,1.0,8818.94
2019-11-09,1.0,8807.58
2019-11-10,1.0,9040.49
2019-11-11,1.0,8713.12
2019-11-12,1.0,8766.6
2019-11-13,1.0,8738.87
2019-11-14,1.0,8625.75
2019-11-15,1.0,8482.05
2019-11-16,1.0,8486.81
2019-11-17,1.0,8518.68
2019-11-18,1.0,8214.04
2019-11-19,1.0,8127.39
2019-11-20,1.0,8051.39
2019-11-21,1.0,7593.34
2019-11-22,1.0,7245.28
2019-11-23,1.0,7322.62
2019-11-24,1.0,6992.98
2019-11-25,1.0,7174.85
2019-11-26,1.0,7154.21
2019-11-27,1.0,7511.73
2019-11-28,1.0,7417.25
2019-11-29,1.0,7748.04
2019-11-30,1.0,7544.42
2019-12-01,1.0,7406.53
2019-12-02,1.0,7327.57
2019-12-03,1.0,7325.04
2019-12-04,1.0,7226.44
2019-12-05,1.0,7409.73
2019-12-06,1.0,7504.4
2019-12-07,1.0,7507.08
2019-12-08,1.0,7515.24
2019-12-09,1.0,7330.26
2019-12-10,1.0,7241.83
2019-12-11,1.0,7171.85
2019-12-12,1.0,7173.14
2019-12-13,1.0,7242.1
2019-12-14,0.0,7080.39
2019-12-15,0.0,7097.54
2019-12-16,0.0,6878.81
2019-12-17,0.0,6612.86
2019-12-18,0.0,7254.36
2019-12-19,0.0,7157.24
2019-12-20,0.0,7167.6
2019-12-21,0.0,7154.03
2019-12-22,0.0,7440.17
2019-12-23,0.0,7318.14
2019-12-24,0.0,7240.05
2019-12-25,0.0,7177.19
2019-12-26,0.0,7171.6
2019-12-27,0.0,7242.23
2019-12-28,0.0,7323.93
2019-12-29,0.0,7413.76
2019-12-30,0.0,7244.4
2019-12-31,0.0,7165.36
2020-01-01,0.0,7163.73
2020-01-02,0.0,6933.4
2020-01-03,0.0,7322.67
2020-01-04,0.0,7332.09
2020-01-05,0.0,7331.66
2020-01-06,0.0,7753.3
2020-01-07,0.0,8111.23
2020-01-08,0.0,8035.19
2020-01-09,0.0,7825.6
2020-01-10,0.0,8060.74
2020-01-11,0.0,8039.14
2020-01-12,0.0,8133.79
2020-01-13,0.0,8126.84
2020-01-14,0.0,8794.63
2020-01-15,0.0,8804.27
2020-01-16,0.0,8710.43
2020-01-17,0.0,8912.48
2020-01-18,0.0,8908.66
2020-01-19,0.0,8665.83
2020-01-20,0.0,8657.38
2020-01-21,0.0,8707.06
2020-01-22,0.0,8618.81
2020-01-23,0.0,8340.16
2020-01-24,0.0,8424.31
2020-01-25,0.0,8327.31
2020-01-26,0.0,8558.81
2020-01-27,0.0,8906.82
2020-01-28,0.0,9113.5
2020-01-29,0.0,9329.27
2020-01-30,0.0,9530.07
2020-01-31,0.0,9346.37
2020-02-01,0.0,9349.1
2020-02-02,0.0,9357.66
2020-02-03,0.0,9247.13
2020-02-04,0.0,9131.69
2020-02-05,0.0,9647.15
2020-02-06,0.0,9734.05
2020-02-07,0.0,9773.16
2020-02-08,0.0,9886.22
2020-02-09,0.0,10120.11
2020-02-10,0.0,9871.31
2020-02-11,0.0,10236.41
2020-02-12,0.0,10348.18
2020-02-13,0.0,10229.2
2020-02-14,0.0,10346.06
2020-02-15,0.0,9900.24
2020-02-16,0.0,9872.96
2020-02-17,0.0,9659.62
2020-02-18,0.0,10161.94
2020-02-19,0.0,9654.46
2020-02-20,0.0,9615.52
2020-02-21,0.0,9666.81
2020-02-22,0.0,9662.76
2020-02-23,0.0,9959.72
2020-02-24,0.0,9648.49
2020-02-25,0.0,9347.99
2020-02-26,0.0,8805.82
2020-02-27,0.0,8765.38
2020-02-28,0.0,8728.27
2020-02-29,0.0,8612.56
2020-03-01,0.0,8525.69
2020-03-02,0.0,8904.71
2020-03-03,0.0,8743.03
2020-03-04,0.0,8724.15
2020-03-05,0.0,9089.0
2020-03-06,0.0,9125.81
2020-03-07,0.0,8909.87
2020-03-08,0.0,8214.6
2020-03-09,0.0,7854.84
2020-03-10,0.0,7941.91
2020-03-11,0.0,7917.04
2020-03-12,0.0,5558.99
2020-03-13,0.0,5628.66
2020-03-14,0.0,5274.34
2020-03-15,0.0,5366.88
2020-03-16,0.0,5008.51
2020-03-17,0.0,5433.08
2020-03-18,0.0,5359.65
2020-03-19,0.0,6238.8
2020-03-20,0.0,6205.35
2020-03-21,0.0,6174.03
2020-03-22,0.0,5896.83
2020-03-23,0.0,6453.49
2020-03-24,0.0,6760.22
2020-03-25,0.0,6665.52
2020-03-26,0.0,6747.4
2020-03-27,0.0,6662.84
2020-03-28,0.0,6229.54
2020-03-29,0.0,5897.31
2020-03-30,0.0,6462.71
2020-03-31,0.0,6440.67
2020-04-01,0.0,6666.46
2020-04-02,0.0,6804.66
2020-04-03,0.0,6752.22
2020-04-04,0.0,6842.1
2020-04-05,0.0,6770.37
2020-04-06,0.0,7248.9
2020-04-07,0.0,7164.54
2020-04-08,0.0,7352.38
2020-04-09,0.0,7320.19
2020-04-10,0.0,6844.88
2020-04-11,0.0,6854.89
2020-04-12,0.0,7005.55
2020-04-13,0.0,6845.94
2020-04-14,0.0,6877.04
2020-04-15,0.0,6619.82
2020-04-16,0.0,7139.11
2020-04-17,0.0,7079.7
2020-04-18,0.0,7245.7
2020-04-19,0.0,7167.55
2020-04-20,0.0,6847.33
2020-04-21,0.0,6911.16
2020-04-22,0.0,7106.31
2020-04-23,0.0,7532.66
2020-04-24,0.0,7502.8
2020-04-25,0.0,7514.18
2020-04-26,0.0,7648.43
2020-04-27,0.0,7757.45
2020-04-28,0.0,7758.54
2020-04-29,0.0,8731.52
2020-04-30,0.0,8702.4
2020-05-01,0.0,8847.99
2020-05-02,0.0,8928.02
2020-05-03,0.0,8908.0
2020-05-04,0.0,8902.66
2020-05-05,0.0,8960.42
2020-05-06,0.0,9309.91
2020-05-07,0.0,9895.03
2020-05-08,0.0,9903.74
2020-05-09,0.0,9567.19
2020-05-10,0.0,8719.35
2020-05-11,0.0,8600.04
2020-05-12,0.0,8815.89
2020-05-13,0.0,9327.55
2020-05-14,0.0,9774.57
2020-05-15,0.0,9369.14
2020-05-16,0.0,9418.02
2020-05-17,0.0,9749.38
2020-05-18,0.0,9694.77
2020-05-19,0.0,9692.03
2020-05-20,0.0,9545.53
2020-05-21,0.0,9093.53
2020-05-22,0.0,9196.04
2020-05-23,0.0,9212.75
2020-05-24,0.0,9022.06
2020-05-25,0.0,8907.67
2020-05-26,0.0,8818.75
2020-05-27,0.0,9117.59
2020-05-28,0.0,9539.0
2020-05-29,0.0,9434.81
2020-05-30,0.0,9665.83
2020-05-31,0.0,9442.4
2020-06-01,0.0,10214.65
2020-06-02,0.0,9516.44
2020-06-03,0.0,9603.64
2020-06-04,0.0,9782.9
2020-06-05,0.0,9663.23
2020-06-06,0.0,9662.86
2020-06-07,1.0,9760.93
2020-06-08,1.0,9756.65
2020-06-09,1.0,9769.5
2020-06-10,1.0,9885.38
2020-06-11,1.0,9303.26
2020-06-12,1.0,9437.64
2020-06-13,1.0,9443.26
2020-06-14,1.0,9341.58
2020-06-15,1.0,9441.02
2020-06-16,1.0,9510.61
2020-06-17,1.0,9439.73
2020-06-18,1.0,9347.64
2020-06-19,1.0,9317.59
2020-06-20,1.0,9336.07
2020-06-21,1.0,9304.2
2020-06-22,1.0,9659.75
2020-06-23,1.0,9625.66
2020-06-24,1.0,9274.97
2020-06-25,1.0,9240.59
2020-06-26,1.0,9139.04
2020-06-27,1.0,9013.14
2020-06-28,1.0,9123.24
2020-06-29,1.0,9212.59
2020-06-30,1.0,9123.72
2020-07-01,1.0,9225.75
2020-07-02,1.0,9137.56
2020-07-03,1.0,9062.64
2020-07-04,1.0,9120.83
2020-07-05,1.0,9064.12
2020-07-06,1.0,9324.82
2020-07-07,1.0,9233.87
2020-07-08,1.0,9440.55
2020-07-09,1.0,9234.73
2020-07-10,1.0,9247.85
2020-07-11,1.0,9228.84
2020-07-12,1.0,9293.58
2020-07-13,1.0,9229.11
2020-07-14,1.0,9242.57
2020-07-15,1.0,9221.76
2020-07-16,1.0,9123.08
2020-07-17,1.0,9133.73
2020-07-18,1.0,9136.6
2020-07-19,1.0,9198.52
2020-07-20,1.0,9141.93
2020-07-21,1.0,9349.39
2020-07-22,1.0,9547.61
2020-07-23,0.0,9579.52
2020-07-24,0.0,9549.95
2020-07-25,0.0,9666.81
2020-07-26,0.0,9897.03
2020-07-27,0.0,11193.5
2020-07-28,0.0,10968.85
2020-07-29,0.0,11229.59
2020-07-30,0.0,11105.18
2020-07-31,0.0,11330.49
2020-08-01,0.0,11682.06
2020-08-02,0.0,11097.08
2020-08-03,0.0,11222.49
2020-08-04,1.0,11212.32
2020-08-05,1.0,11641.73
2020-08-06,1.0,11757.05
2020-08-07,1.0,11617.69
2020-08-08,1.0,11749.77
2020-08-09,1.0,11655.65
2020-08-10,1.0,11886.08
2020-08-11,1.0,11357.52
2020-08-12,1.0,11595.42
2020-08-13,1.0,11747.89
2020-08-14,1.0,11757.47
2020-08-15,1.0,11887.48
2020-08-16,1.0,11886.13
2020-08-17,1.0,12317.99
2020-08-18,1.0,12031.95
2020-08-19,1.0,11755.87
2020-08-20,1.0,11875.97
2020-08-21,1.0,11708.31
2020-08-22,1.0,11634.72
2020-08-23,1.0,11629.31
2020-08-24,1.0,11753.39
2020-08-25,1.0,11354.37
2020-08-26,1.0,11482.68
2020-08-27,1.0,11340.53
2020-08-28,1.0,11486.65
2020-08-29,1.0,11484.17
2020-08-30,1.0,11652.88
2020-08-31,1.0,11642.52
2020-09-01,1.0,12003.73
2020-09-02,1.0,11375.17
2020-09-03,1.0,10725.45
2020-09-04,1.0,10476.68
2020-09-05,1.0,10105.28
2020-09-06,1.0,10231.8
2020-09-07,1.0,10357.21
2020-09-08,1.0,10109.09
2020-09-09,1.0,10240.44
2020-09-10,1.0,10350.51
2020-09-11,1.0,10355.05
2020-09-12,1.0,10455.16
2020-09-13,1.0,10336.48
2020-09-14,1.0,10661.32
2020-09-15,1.0,10811.1
2020-09-16,1.0,10979.95
2020-09-17,1.0,10963.94
2020-09-18,1.0,10940.9
2020-09-19,0.0,11084.39
2020-09-20,0.0,10856.57
2020-09-21,0.0,10482.02
2020-09-22,0.0,10486.14
2020-09-23,0.0,10236.75
2020-09-24,0.0,10702.23
2020-09-25,0.0,10708.95
2020-09-26,0.0,10719.87
2020-09-27,0.0,10719.42
2020-09-28,0.0,10846.74
2020-09-29,0.0,10791.91
2020-09-30,0.0,10734.66
2020-10-01,0.0,10600.06
2020-10-02,0.0,10576.99
2020-10-03,0.0,10585.69
2020-10-04,0.0,10655.47
2020-10-05,0.0,10721.34
2020-10-06,0.0,10594.81
2020-10-07,0.0,10625.02
2020-10-08,0.0,10855.56
2020-10-09,0.0,11081.05
2020-10-10,0.0,11341.09
2020-10-11,0.0,11353.39
2020-10-12,0.0,11624.51
2020-10-13,1.0,11457.72
2020-10-14,1.0,11365.66
2020-10-15,1.0,11472.04
2020-10-16,1.0,11353.97
2020-10-17,1.0,11352.13
2020-10-18,1.0,11476.7
2020-10-19,1.0,11740.63
2020-10-20,1.0,11898.23
2020-10-21,1.0,12898.2
2020-10-22,1.0,13075.09
2020-10-23,1.0,12913.58
2020-10-24,1.0,13052.91
2020-10-25,1.0,13029.18
2020-10-26,1.0,13023.35
2020-10-27,1.0,13661.78
2020-10-28,1.0,13232.47
2020-10-29,1.0,13487.88
2020-10-30,1.0,13601.15
2020-10-31,1.0,13797.77
2020-11-01,1.0,13771.66
2020-11-02,1.0,13634.95
2020-11-03,1.0,13913.91
2020-11-04,1.0,14122.04
2020-11-05,1.0,15611.82
2020-11-06,1.0,15652.65
2020-11-07,1.0,14813.85
2020-11-08,1.0,15479.91
2020-11-09,1.0,15312.29
2020-11-10,1.0,15302.92
2020-11-11,1.0,15710.47
2020-11-12,1.0,16235.46
2020-11-13,1.0,16278.87
2020-11-14,1.0,16039.88
2020-11-15,1.0,16002.24
2020-11-16,1.0,16773.68
2020-11-17,1.0,17623.14
2020-11-18,1.0,17776.34
2020-11-19,1.0,17795.9
2020-11-20,1.0,18623.92
2020-11-21,1.0,18633.79
2020-11-22,1.0,18603.46
2020-11-23,1.0,18405.87
2020-11-24,1.0,19132.26
2020-11-25,1.0,18785.84
2020-11-26,1.0,17142.43
2020-11-27,1.0,16987.49
2020-11-28,1.0,17776.39
2020-11-29,1.0,18184.32
2020-11-30,0.0,19507.46
2020-12-01,0.0,18852.8
2020-12-02,1.0,19154.78
2020-12-03,1.0,19482.31
2020-12-04,1.0,18805.31
2020-12-05,1.0,19055.44
2020-12-06,1.0,19289.94
2020-12-07,1.0,19094.08
2020-12-08,1.0,18793.01
2020-12-09,1.0,18603.96
2020-12-10,1.0,18372.1
2020-12-11,1.0,18039.64
2020-12-12,1.0,18823.11
2020-12-13,1.0,19081.17
2020-12-14,1.0,19257.76
2020-12-15,1.0,19471.54
2020-12-16,1.0,21364.16
2020-12-17,1.0,22766.36
2020-12-18,1.0,22923.64
2020-12-19,1.0,23908.9
2020-12-20,1.0,23489.0
2020-12-21,1.0,23140.84
2020-12-22,1.0,23621.42
2020-12-23,1.0,23419.41
2020-12-24,1.0,23581.03
2020-12-25,1.0,24554.36
2020-12-26,1.0,26463.51
2020-12-27,1.0,26446.15
2020-12-28,1.0,26863.27
2020-12-29,1.0,27141.71
2020-12-30,1.0,28816.0
2020-12-31,1.0,29008.69
2021-01-01,1.0,29310.83
2021-01-02,1.0,31987.0
2021-01-03,1.0,33424.64
2021-01-04,1.0,31355.75
2021-01-05,1.0,33964.72
2021-01-06,1.0,36298.64
2021-01-07,1.0,39157.04
2021-01-08,1.0,40778.9
2021-01-09,1.0,40321.97
2021-01-10,1.0,38460.67
2021-01-11,1.0,35026.54
2021-01-12,1.0,33563.62
2021-01-13,1.0,37262.53
2021-01-14,1.0,38905.95
2021-01-15,1.0,36544.48
2021-01-16,1.0,35951.71
2021-01-17,1.0,36290.8
2021-01-18,1.0,36327.23
2021-01-19,1.0,36376.48
2021-01-20,1.0,35038.63
2021-01-21,0.0,31129.17
2021-01-22,0.0,33484.7
2021-01-23,0.0,31990.6
2021-01-24,0.0,32057.72
2021-01-25,0.0,32410.68
2021-01-26,0.0,32662.7
2021-01-27,0.0,30318.43
2021-01-28,0.0,33499.16
2021-01-29,0.0,34422.59
2021-01-30,0.0,34287.9
2021-01-31,1.0,33077.21
2021-02-01,1.0,33651.89
2021-02-02,1.0,35559.8
2021-02-03,1.0,37510.56
2021-02-04,1.0,37194.81
2021-02-05,1.0,37987.48
2021-02-06,1.0,39362.91
2021-02-07,1.0,38826.67
2021-02-08,1.0,44748.92
2021-02-09,1.0,46714.02
2021-02-10,1.0,45127.75
2021-02-11,1.0,47823.99
2021-02-12,1.0,47747.86
2021-02-13,1.0,47285.77
2021-02-14,1.0,48982.2
2021-02-15,1.0,48331.75
2021-02-16,1.0,49000.73
2021-02-17,1.0,52107.86
2021-02-18,1.0,51842.6
2021-02-19,1.0,55628.25
2021-02-20,1.0,55651.54
2021-02-21,1.0,57509.7
2021-02-22,1.0,54293.07
2021-02-23,1.0,48431.51
2021-02-24,1.0,49478.15
2021-02-25,1.0,48165.35
2021-02-26,1.0,46105.46
2021-02-27,1.0,46850.89
2021-02-28,1.0,45330.37
2021-03-01,1.0,49362.38
2021-03-02,1.0,47954.78
2021-03-03,1.0,50785.81
2021-03-04,1.0,48346.11
2021-03-05,1.0,48943.39
2021-03-06,1.0,48826.88
2021-03-07,1.0,51002.85
2021-03-08,1.0,51836.44
2021-03-09,1.0,54531.13
2021-03-10,1.0,56621.71
2021-03-11,1.0,57648.93
2021-03-12,1.0,57299.98
2021-03-13,1.0,61042.4
2021-03-14,1.0,60254.21
2021-03-15,1.0,56311.67
2021-03-16,1.0,56324.21
2021-03-17,1.0,58650.88
2021-03-18,1.0,57642.42
2021-03-19,1.0,58269.38
2021-03-20,1.0,58292.48
2021-03-21,1.0,57566.54
2021-03-22,0.0,54414.9
2021-03-23,0.0,54499.23
2021-03-24,0.0,52540.46
2021-03-25,0.0,52161.98
2021-03-26,0.0,54502.58
2021-03-27,0.0,56148.44
2021-03-28,0.0,55581.42
2021-03-29,0.0,57611.91
2021-03-30,0.0,58843.33
2021-03-31,0.0,58863.17
2021-04-01,1.0,58889.08
2021-04-02,1.0,59016.78
2021-04-03,1.0,57540.91
2021-04-04,1.0,58216.17
2021-04-05,1.0,58863.22
2021-04-06,1.0,58182.31
2021-04-07,1.0,56296.06
2021-04-08,1.0,57687.28
2021-04-09,1.0,58165.2
2021-04-10,1.0,59342.25
2021-04-11,1.0,59836.52
2021-04-12,1.0,59926.93
2021-04-13,1.0,63123.32
2021-04-14,1.0,63030.35
2021-04-15,1.0,63165.73
2021-04-16,1.0,61791.93
2021-04-17,1.0,60930.34
2021-04-18,1.0,56321.75
2021-04-19,1.0,56212.35
2021-04-20,1.0,56408.91
2021-04-21,1.0,54437.32
2021-04-22,1.0,51888.09
2021-04-23,1.0,50733.74
2021-04-24,1.0,50275.6
2021-04-25,1.0,48503.03
2021-04-26,1.0,53702.69
2021-04-27,1.0,54984.38
2021-04-28,1.0,54732.54
2021-04-29,1.0,53378.99
2021-04-30,1.0,57074.46
2021-05-01,1.0,57620.52
2021-05-02,1.0,56420.61
2021-05-03,1.0,57376.49
2021-05-04,1.0,53860.07
2021-05-05,1.0,57246.5
2021-05-06,1.0,56430.28
2021-05-07,1.0,57428.88
2021-05-08,1.0,58851.4
2021-05-09,1.0,58221.64
2021-05-10,1.0,55748.17
2021-05-11,1.0,56383.45
2021-05-12,1.0,52389.71
2021-05-13,1.0,49289.66
2021-05-14,1.0,50161.74
2021-05-15,1.0,48364.94
2021-05-16,1.0,45795.44
2021-05-17,0.0,43196.03
2021-05-18,0.0,42800.25
2021-05-19,0.0,39247.55
2021-05-20,0.0,41042.89
2021-05-21,0.0,37128.28
2021-05-22,0.0,37636.79
2021-05-23,0.0,34352.42
2021-05-24,0.0,38466.38
2021-05-25,0.0,38225.84
2021-05-26,0.0,38914.75
2021-05-27,0.0,38846.33
2021-05-28,0.0,35160.74
2021-05-29,0.0,34635.55
2021-05-30,0.0,35681.53
2021-05-31,0.0,37085.53
2021-06-01,0.0,36551.06
2021-06-02,0.0,37604.92
2021-06-03,0.0,38963.84
2021-06-04,0.0,36891.48
2021-06-05,0.0,35309.76
2021-06-06,0.0,35754.45
2021-06-07,0.0,33944.05
2021-06-08,0.0,33508.86
2021-06-09,0.0,37226.61
2021-06-10,0.0,36749.94
2021-06-11,0.0,37171.92
2021-06-12,0.0,35801.97
2021-06-13,0.0,38896.07
2021-06-14,0.0,40293.57
2021-06-15,0.0,40218.39
2021-06-16,0.0,38385.56
2021-06-17,0.0,37935.7
2021-06-18,0.0,35500.3
2021-06-19,0.0,35584.88
2021-06-20,0.0,35534.41
2021-06-21,0.0,31665.69
2021-06-22,0.0,32444.62
2021-06-23,0.0,33483.58
2021-06-24,0.0,34682.13
2021-06-25,0.0,31702.64
2021-06-26,0.0,31574.44
2021-06-27,0.0,32748.45
2021-06-28,0.0,34317.08
2021-06-29,0.0,35991.59
2021-06-30,0.0,34719.04
2021-07-01,0.0,33465.93
2021-07-02,0.0,33534.78
2021-07-03,0.0,34623.11
2021-07-04,0.0,35527.92
2021-07-05,0.0,33916.27
2021-07-06,0.0,33981.28
2021-07-07,0.0,34071.51
2021-07-08,0.0,32725.4
2021-07-09,0.0,33890.43
2021-07-10,0.0,33531.59
2021-07-11,0.0,34289.6
2021-07-12,0.0,33106.85
2021-07-13,0.0,32655.63
2021-07-14,0.0,32774.64
2021-07-15,0.0,31676.71
2021-07-16,0.0,31531.29
2021-07-17,0.0,31619.53
2021-07-18,0.0,31634.78
2021-07-19,0.0,30909.57
2021-07-20,0.0,29672.55
2021-07-21,0.0,32002.69
2021-07-22,0.0,32334.32
2021-07-23,0.0,33172.73
2021-07-24,0.0,34153.98
2021-07-25,0.0,34859.79
2021-07-26,0.0,37478.42
2021-07-27,0.0,38931.45
2021-07-28,0.0,39830.53
2021-07-29,0.0,40007.94
2021-07-30,0.0,41415.03
2021-07-31,0.0,41738.49
2021-08-01,0.0,40266.79
2021-08-02,0.0,39348.67
2021-08-03,0.0,38443.83
2021-08-04,0.0,39790.5
2021-08-05,0.0,40891.26
2021-08-06,0.0,42679.37
2021-08-07,0.0,44212.65
2021-08-08,0.0,44095.71
2021-08-09,0.0,46187.76
2021-08-10,0.0,45399.52
2021-08-11,0.0,45740.58
2021-08-12,0.0,44280.96
2021-08-13,0.0,47672.43
2021-08-14,0.0,46943.42
2021-08-15,0.0,47067.6
2021-08-16,0.0,45942.66
2021-08-17,0.0,44704.08
2021-08-18,0.0,44910.0
2021-08-19,0.0,46678.15
2021-08-20,0.0,48987.71
2021-08-21,0.0,49099.67
2021-08-22,0.0,49381.01
2021-08-23,0.0,49554.24
2021-08-24,0.0,47984.87
2021-08-25,0.0,48973.99
2021-08-26,0.0,47276.09
2021-08-27,0.0,48977.81
2021-08-28,0.0,48889.72
2021-08-29,0.0,49025.17
2021-08-30,0.0,47441.13
2021-08-31,0.0,47036.97
2021-09-01,0.0,48447.12
2021-09-02,0.0,49503.85
2021-09-03,0.0,49643.18
2021-09-04,0.0,49772.56
2021-09-05,0.0,51832.43
2021-09-06,0.0,52502.27
2021-09-07,0.0,46790.81
2021-09-08,0.0,46477.75
2021-09-09,0.0,46330.95
2021-09-10,0.0,44712.37
2021-09-11,0.0,45204.44
2021-09-12,0.0,46205.77
2021-09-13,0.0,45086.38
2021-09-14,0.0,46861.81
2021-09-15,0.0,48162.32
2021-09-16,0.0,47827.79
2021-09-17,0.0,47263.98
2021-09-18,0.0,48017.31
2021-09-19,0.0,47296.74
2021-09-20,0.0,42800.22
2021-09-21,0.0,40751.44
2021-09-22,0.0,43587.62
2021-09-23,0.0,44686.73
2021-09-24,0.0,42707.87
2021-09-25,0.0,42662.25
2021-09-26,0.0,43173.62
2021-09-27,0.0,43049.62
2021-09-28,0.0,41494.14
2021-09-29,0.0,41232.37
2021-09-30,0.0,43693.12
2021-10-01,0.0,47957.6
2021-10-02,0.0,48072.57
2021-10-03,0.0,48001.62
2021-10-04,0.0,49123.49
2021-10-05,0.0,51347.16
2021-10-06,0.0,55142.21
2021-10-07,0.0,53799.88
2021-10-08,0.0,54029.94
2021-10-09,0.0,54968.67
2021-10-10,0.0,54917.36
2021-10-11,0.0,57077.58
2021-10-12,0.0,56135.32
2021-10-13,0.0,57479.75
2021-10-14,0.0,57485.22
2021-10-15,0.0,61261.98
2021-10-16,0.0,60912.07
2021-10-17,0.0,61177.04
2021-10-18,1.0,61728.23
2021-10-19,1.0,64297.35
2021-10-20,1.0,66081.71
2021-10-21,1.0,62399.22
2021-10-22,1.0,60789.68
2021-10-23,1.0,61027.86
2021-10-24,1.0,60945.11
2021-10-25,1.0,63048.55
2021-10-26,1.0,60302.24
2021-10-27,1.0,58555.68
2021-10-28,1.0,60463.96
2021-10-29,1.0,62351.01
2021-10-30,1.0,61668.34
2021-10-31,1.0,61476.94
2021-11-01,1.0,60969.68
2021-11-02,1.0,63019.48
2021-11-03,1.0,63036.63
2021-11-04,1.0,61445.01
2021-11-05,1.0,60959.96
2021-11-06,1.0,61494.17
2021-11-07,1.0,63032.45
2021-11-08,1.0,66218.68
2021-11-09,1.0,67330.06
2021-11-10,1.0,64626.71
2021-11-11,1.0,65167.21
2021-11-12,1.0,63895.07
2021-11-13,1.0,64472.41
2021-11-14,1.0,64746.3
2021-11-15,1.0,63852.26
2021-11-16,1.0,60567.08
2021-11-17,1.0,60052.41
2021-11-18,1.0,56827.28
2021-11-19,1.0,57933.79
2021-11-20,1.0,59608.71
2021-11-21,1.0,59050.31
2021-11-22,1.0,56354.45
2021-11-23,1.0,57548.71
2021-11-24,1.0,56987.29
2021-11-25,1.0,58917.76
2021-11-26,1.0,54007.37
2021-11-27,1.0,54665.56
2021-11-28,1.0,57168.71
2021-11-29,1.0,58171.48
2021-11-30,1.0,57442.07
2021-12-01,1.0,56954.63
2021-12-02,1.0,56803.67
2021-12-03,0.0,53651.03
2021-12-04,0.0,49045.46
2021-12-05,0.0,49174.8
2021-12-06,0.0,50630.83
2021-12-07,0.0,50502.68
2021-12-08,0.0,50601.38
2021-12-09,0.0,47943.14
2021-12-10,0.0,47496.06
2021-12-11,0.0,49063.59
2021-12-12,0.0,50132.3
2021-12-13,0.0,46770.17
2021-12-14,0.0,48323.9
2021-12-15,0.0,48920.12
2021-12-16,0.0,47856.63
2021-12-17,0.0,46321.87
2021-12-18,0.0,46791.26
2021-12-19,0.0,46853.41
2021-12-20,0.0,46846.33
2021-12-21,0.0,49005.22
2021-12-22,0.0,48689.77
2021-12-23,0.0,50711.97
2021-12-24,0.0,50741.46
2021-12-25,0.0,50675.3
2021-12-26,0.0,50720.52
2021-12-27,0.0,50768.64
2021-12-28,0.0,47730.32
2021-12-29,0.0,47264.8
2021-12-30,0.0,47226.91
2021-12-31,0.0,46279.03
2022-01-01,0.0,47332.22
2022-01-02,0.0,47308.72
2022-01-03,0.0,46240.63
2022-01-04,0.0,46198.39
2022-01-05,0.0,43478.86
2022-01-06,0.0,43152.19
2022-01-07,0.0,41635.25
2022-01-08,0.0,41756.9
2022-01-09,0.0,41775.6
2022-01-10,0.0,41704.51
2022-01-11,0.0,42691.2
2022-01-12,0.0,43861.88
2022-01-13,0.0,42660.58
2022-01-14,0.0,43147.78
2022-01-15,0.0,43166.9
2022-01-16,0.0,43157.79
2022-01-17,0.0,42138.7
2022-01-18,0.0,42508.8
2022-01-19,0.0,41730.46
2022-01-20,0.0,40795.75
2022-01-21,0.0,36468.72
2022-01-22,0.0,35046.19
2022-01-23,0.0,35506.51
2022-01-24,0.0,36644.83
2022-01-25,0.0,36775.35
2022-01-26,0.0,36753.29
2022-01-27,0.0,36800.1
2022-01-28,0.0,37672.14
2022-01-29,0.0,38032.44
2022-01-30,0.0,37995.73
2022-01-31,0.0,38461.14
2022-02-01,0.0,38755.32
2022-02-02,0.0,36964.55
2022-02-03,0.0,37011.43
2022-02-04,0.0,40632.5
2022-02-05,0.0,41655.46
2022-02-06,0.0,41855.2
2022-02-07,0.0,43942.51
2022-02-08,0.0,44142.93
2022-02-09,0.0,44495.67
2022-02-10,0.0,43721.08
2022-02-11,0.0,42340.1
2022-02-12,0.0,42163.92
2022-02-13,0.0,42193.06
2022-02-14,0.0,42626.0
2022-02-15,0.0,44159.63
2022-02-16,0.0,44134.13
2022-02-17,0.0,40721.59
2022-02-18,0.0,39930.64
2022-02-19,0.0,39982.79
2022-02-20,0.0,38529.38
2022-02-21,0.0,37417.98
2022-02-22,0.0,38036.13
2022-02-23,0.0,37368.22
2022-02-24,0.0,38267.78
2022-02-25,0.0,39301.41
2022-02-26,0.0,39199.4
2022-02-27,0.0,37595.57
2022-02-28,0.0,43151.74
2022-03-01,0.0,43883.87
2022-03-02,0.0,44086.55
2022-03-03,0.0,42521.59
2022-03-04,0.0,38940.88
2022-03-05,0.0,39353.77
2022-03-06,0.0,38488.77
2022-03-07,0.0,38143.17
2022-03-08,0.0,38520.63
2022-03-09,0.0,41897.0
2022-03-10,0.0,39383.52
2022-03-11,0.0,38889.17
2022-03-12,0.0,38964.03
2022-03-13,0.0,37701.5
2022-03-14,0.0,39596.95
2022-03-15,0.0,39376.39
2022-03-16,0.0,41063.5
2022-03-17,0.0,40833.82
2022-03-18,0.0,41718.64
2022-03-19,0.0,42139.33
2022-03-20,0.0,41242.88
2022-03-21,0.0,41151.79
2022-03-22,0.0,42571.0
2022-03-23,0.0,42578.24
2022-03-24,0.0,44000.99
2022-03-25,0.0,44219.29
2022-03-26,0.0,44515.17
2022-03-27,0.0,46734.03
2022-03-28,0.0,47340.86
2022-03-29,0.0,47312.94
2022-03-30,0.0,47132.61
2022-03-31,0.0,45704.52
2022-04-01,0.0,46231.75
2022-04-02,0.0,46177.65
2022-04-03,0.0,46365.62
2022-04-04,0.0,46726.58
2022-04-05,0.0,45731.21
2022-04-06,0.0,43564.15
2022-04-07,0.0,43616.51
2022-04-08,0.0,42194.88
2022-04-09,0.0,42631.55
2022-04-10,0.0,42190.08
2022-04-11,0.0,39758.79
2022-04-12,0.0,39917.96
2022-04-13,0.0,41209.46
2022-04-14,0.0,39822.62
2022-04-15,0.0,40348.57
2022-04-16,0.0,40347.97
2022-04-17,0.0,39755.27
2022-04-18,0.0,40758.15
2022-04-19,0.0,41311.33
2022-04-20,0.0,41400.33
2022-04-21,0.0,40321.04
2022-04-22,0.0,39770.01
2022-04-23,0.0,39813.58
2022-04-24,0.0,39446.73
2022-04-25,0.0,40331.55
2022-04-26,0.0,38116.35
2022-04-27,0.0,39189.26
2022-04-28,0.0,39796.93
2022-04-29,0.0,38509.65
2022-04-30,0.0,37694.02
2022-05-01,0.0,38446.55
2022-05-02,0.0,38508.84
2022-05-03,0.0,37624.41
2022-05-04,0.0,39660.11
2022-05-05,0.0,36345.88
2022-05-06,0.0,35940.35
2022-05-07,0.0,35409.43
2022-05-08,0.0,34151.43
2022-05-09,0.0,31091.25
2022-05-10,0.0,30928.32
2022-05-11,0.0,28781.13
2022-05-12,0.0,29031.37
2022-05-13,0.0,29416.34
2022-05-14,0.0,30027.05
2022-05-15,0.0,31131.52
2022-05-16,0.0,29941.57
2022-05-17,0.0,30480.34
2022-05-18,0.0,28915.22
2022-05-19,0.0,30190.92
2022-05-20,0.0,29194.55
2022-05-21,0.0,29438.67
2022-05-22,0.0,30219.26
2022-05-23,0.0,29161.48
2022-05-24,0.0,29516.25
2022-05-25,0.0,29589.02
2022-05-26,0.0,29447.74
2022-05-27,0.0,28743.3
2022-05-28,0.0,28906.17
2022-05-29,0.0,29329.34
2022-05-30,0.0,31629.95
2022-05-31,0.0,31779.26
2022-06-01,0.0,29822.29
2022-06-02,0.0,30512.06
2022-06-03,0.0,29591.06
2022-06-04,0.0,29834.91
2022-06-05,0.0,29893.56
2022-06-06,0.0,31278.43
2022-06-07,0.0,31242.69
2022-06-08,0.0,30215.2
2022-06-09,0.0,30028.72
2022-06-10,0.0,29153.11
2022-06-11,0.0,28353.8
2022-06-12,0.0,27030.12
2022-06-13,0.0,22360.5
2022-06-14,0.0,22122.8
2022-06-15,0.0,22457.34
2022-06-16,0.0,20325.71
2022-06-17,0.0,20452.17
2022-06-18,0.0,19043.9
2022-06-19,0.0,20464.8
2022-06-20,0.0,20417.93
2022-06-21,0.0,20852.52
2022-06-22,0.0,19988.17
2022-06-23,0.0,21108.92
2022-06-24,0.0,21358.07
2022-06-25,0.0,21395.7
2022-06-26,0.0,21128.7
2022-06-27,0.0,20745.63
2022-06-28,0.0,20271.02
2022-06-29,0.0,20146.33
2022-06-30,0.0,19017.22
2022-07-01,0.0,19309.6
2022-07-02,0.0,19278.15
2022-07-03,0.0,19271.37
2022-07-04,0.0,20156.33
2022-07-05,0.0,20282.02
2022-07-06,0.0,20467.89
2022-07-07,0.0,21628.0
2022-07-08,0.0,21844.09
2022-07-09,0.0,21615.79
2022-07-10,0.0,20849.52
2022-07-11,0.0,19982.7
2022-07-12,0.0,19325.21
2022-07-13,0.0,19884.14
2022-07-14,0.0,20500.4
2022-07-15,0.0,20893.09
2022-07-16,0.0,21148.6
2022-07-17,0.0,20892.83
2022-07-18,0.0,21663.88
2022-07-19,0.0,23441.35
2022-07-20,0.0,23286.19
2022-07-21,0.0,23143.56
2022-07-22,0.0,22664.61
2022-07-23,0.0,22418.36
2022-07-24,0.0,22668.86
2022-07-25,0.0,21640.83
2022-07-26,0.0,21130.58
2022-07-27,0.0,22833.66
2022-07-28,0.0,23888.52
2022-07-29,0.0,23975.22
2022-07-30,0.0,23678.72
2022-07-31,0.0,23297.95
2022-08-01,0.0,23273.51
2022-08-02,0.0,23062.38
2022-08-03,0.0,22896.97
2022-08-04,0.0,22632.43
2022-08-05,0.0,23170.93
2022-08-06,0.0,23006.41
2022-08-07,0.0,23166.66
2022-08-08,0.0,23780.3
2022-08-09,0.0,23157.32
2022-08-10,0.0,23932.41
2022-08-11,0.0,24062.37
2022-08-12,0.0,24285.18
2022-08-13,0.0,24453.23
2022-08-14,0.0,24270.23
2022-08-15,0.0,23996.95
2022-08-16,0.0,23884.27
2022-08-17,0.0,23375.42
2022-08-18,0.0,23260.17
2022-08-19,0.0,20922.05
2022-08-20,0.0,21123.63
2022-08-21,0.0,21592.14
2022-08-22,0.0,21165.04
2022-08-23,0.0,21528.99
2022-08-24,0.0,21458.8
2022-08-25,0.0,21613.24
2022-08-26,0.0,20220.67
2022-08-27,0.0,19987.15
2022-08-28,0.0,19725.14
2022-08-29,0.0,20189.24
2022-08-30,0.0,19798.28
2022-08-31,0.0,20024.3
2022-09-01,0.0,20056.83
2022-09-02,0.0,19952.13
2022-09-03,0.0,19743.53
2022-09-04,0.0,19900.6
2022-09-05,0.0,19741.02
2022-09-06,0.0,18847.93
2022-09-07,0.0,19279.93
2022-09-08,0.0,19277.72
2022-09-09,0.0,21362.44
2022-09-10,0.0,21647.85
2022-09-11,0.0,21632.87
2022-09-12,0.0,22368.99
2022-09-13,0.0,20176.02
2022-09-14,0.0,20205.44
2022-09-15,0.0,19721.21
2022-09-16,0.0,19717.45
2022-09-17,0.0,20155.45
2022-09-18,0.0,19461.56
2022-09-19,0.0,19506.44
2022-09-20,0.0,18845.31
2022-09-21,0.0,18465.91
2022-09-22,0.0,19324.83
2022-09-23,0.0,19279.79
2022-09-24,0.0,18853.31
2022-09-25,0.0,18818.88
2022-09-26,0.0,19143.23
2022-09-27,0.0,19061.15
2022-09-28,0.0,19497.42
2022-09-29,0.0,19498.16
2022-09-30,0.0,19416.95
2022-10-01,0.0,19282.25
2022-10-02,0.0,19030.95
2022-10-03,0.0,19559.59
2022-10-04,0.0,20295.37
2022-10-05,0.0,20153.31
2022-10-06,0.0,19949.73
2022-10-07,0.0,19505.49
2022-10-08,0.0,19413.2
2022-10-09,0.0,19429.17
2022-10-10,0.0,19100.95
2022-10-11,0.0,19047.42
2022-10-12,0.0,19116.5
2022-10-13,0.0,19329.68
2022-10-14,0.0,19121.47
2022-10-15,0.0,19057.2
2022-10-16,0.0,19265.82
2022-10-17,0.0,19510.27
2022-10-18,0.0,19294.57
2022-10-19,0.0,19087.24
2022-10-20,0.0,19044.07
2022-10-21,0.0,19149.06
2022-10-22,0.0,19197.78
2022-10-23,0.0,19515.46
2022-10-24,0.0,19310.35
2022-10-25,0.0,20100.08
2022-10-26,0.0,20831.04
2022-10-27,0.0,20224.46
2022-10-28,0.0,20648.17
2022-10-29,0.0,20748.7
2022-10-30,0.0,20636.04
2022-10-31,0.0,20428.55
2022-11-01,0.0,20433.75
2022-11-02,0.0,20171.66
2022-11-03,0.0,20187.17
2022-11-04,0.0,21134.86
2022-11-05,0.0,21337.9
2022-11-06,0.0,21085.3
2022-11-07,0.0,20604.78
2022-11-08,0.0,18544.19
2022-11-09,0.0,15728.99
2022-11-10,0.0,17725.64
2022-11-11,0.0,16831.38
2022-11-12,0.0,16780.2
2022-11-13,0.0,16380.51
2022-11-14,0.0,16426.06
2022-11-15,0.0,16806.46
2022-11-16,0.0,16600.46
2022-11-17,0.0,16648.24
2022-11-18,0.0,16606.78
2022-11-19,0.0,16733.0
2022-11-20,0.0,16221.89
2022-11-21,0.0,15731.36
2022-11-22,0.0,16107.36
2022-11-23,0.0,16561.76
2022-11-24,0.0,16585.48
2022-11-25,0.0,16513.93
2022-11-26,0.0,16418.65
2022-11-27,0.0,16443.43
2022-11-28,0.0,16214.82
2022-11-29,0.0,16419.55
2022-11-30,0.0,17144.04
2022-12-01,0.0,16973.36
2022-12-02,0.0,16996.64
2022-12-03,0.0,16929.48
2022-12-04,0.0,17133.4
2022-12-05,0.0,16973.42
2022-12-06,0.0,16997.81
2022-12-07,0.0,16805.96
2022-12-08,0.0,17185.24
2022-12-09,0.0,17154.75
2022-12-10,0.0,17160.04
2022-12-11,0.0,17109.46
2022-12-12,0.0,17171.94
2022-12-13,0.0,17779.72
2022-12-14,0.0,17785.68
2022-12-15,0.0,17362.35
2022-12-16,0.0,16626.44
2022-12-17,0.0,16779.39
2022-12-18,0.0,16781.15
2022-12-19,0.0,16407.59
2022-12-20,0.0,16856.73
2022-12-21,0.0,16784.8
2022-12-22,0.0,16776.67
2022-12-23,0.0,16784.0
2022-12-24,0.0,16793.39
2022-12-25,0.0,16793.47
2022-12-26,0.0,16802.14
2022-12-27,0.0,16694.93
2022-12-28,0.0,16523.61
2022-12-29,0.0,16595.29
2022-12-30,0.0,16591.55
2022-12-31,0.0,16537.08
2023-01-01,0.0,16595.17
2023-01-02,0.0,16689.83
2023-01-03,0.0,16603.58
2023-01-04,0.0,16794.0
2023-01-05,0.0,16790.17
2023-01-06,0.0,16970.93
2023-01-07,0.0,16969.72
2023-01-08,0.0,16969.24
2023-01-09,0.0,17177.58
2023-01-10,0.0,17363.16
2023-01-11,0.0,17580.22
2023-01-12,0.0,18841.05
2023-01-13,0.0,19813.51
2023-01-14,0.0,20973.14
2023-01-15,0.0,20878.5
2023-01-16,0.0,21136.56
2023-01-17,0.0,21210.67
2023-01-18,0.0,20685.97
2023-01-19,0.0,21070.15
2023-01-20,0.0,22628.46
2023-01-21,0.0,23018.5
2023-01-22,0.0,22653.32
2023-01-23,0.0,22908.19
2023-01-24,0.0,22659.13
2023-01-25,0.0,23131.43
2023-01-26,0.0,22947.08
2023-01-27,0.0,23060.68
2023-01-28,0.0,22931.29
2023-01-29,0.0,23725.31
2023-01-30,0.0,22686.03
2023-01-31,0.0,23101.71
2023-02-01,0.0,23709.87
2023-02-02,0.0,23475.41
2023-02-03,0.0,23440.01
2023-02-04,0.0,23409.68
2023-02-05,0.0,22912.08
2023-02-06,0.0,22878.48
2023-02-07,0.0,23191.82
2023-02-08,0.0,22904.6
2023-02-09,0.0,21861.84
2023-02-10,0.0,21633.92
2023-02-11,0.0,21846.51
2023-02-12,0.0,21808.11
2023-02-13,0.0,21824.3
2023-02-14,0.0,22149.51
2023-02-15,0.0,24259.6
2023-02-16,0.0,23855.04
2023-02-17,0.0,24555.69
2023-02-18,0.0,24572.24
2023-02-19,0.0,24388.09
2023-02-20,0.0,24807.55
2023-02-21,0.0,24289.32
2023-02-22,0.0,24093.8
2023-02-23,0.0,23831.85
2023-02-24,0.0,23155.4
2023-02-25,0.0,23098.04
2023-02-26,0.0,23462.86
2023-02-27,0.0,23442.42
2023-02-28,0.0,23172.79
2023-03-01,0.0,23500.37
2023-03-02,0.0,23440.9
2023-03-03,0.0,22346.92
2023-03-04,0.0,22357.07
2023-03-05,0.0,22386.29
2023-03-06,0.0,22392.42
2023-03-07,0.0,22120.15
2023-03-08,0.0,21855.08
2023-03-09,0.0,20376.07
2023-03-10,0.0,20184.15
2023-03-11,0.0,20498.56
2023-03-12,0.0,21883.01
2023-03-13,0.0,24195.31
2023-03-14,0.0,24709.0
2023-03-15,0.0,24406.31
2023-03-16,0.0,25031.96
2023-03-17,0.0,27530.91
2023-03-18,0.0,27132.88
2023-03-19,0.0,28190.56
2023-03-20,0.0,27871.08
2023-03-21,0.0,28172.98
2023-03-22,1.0,27257.63
2023-03-23,1.0,28311.21
2023-03-24,1.0,27496.0
2023-03-25,1.0,27519.9
2023-03-26,1.0,28024.12
2023-03-27,1.0,27179.46
2023-03-28,1.0,27218.79
2023-03-29,1.0,28400.41
2023-03-30,1.0,27927.18
2023-03-31,1.0,28511.66
2023-04-01,1.0,28503.61
2023-04-02,1.0,28155.03
2023-04-03,1.0,27842.06
2023-04-04,1.0,28163.74
2023-04-05,1.0,28175.14
2023-04-06,1.0,27998.72
2023-04-07,1.0,27880.27
2023-04-08,1.0,27894.08
2023-04-09,1.0,28380.93
2023-04-10,1.0,29515.69
2023-04-11,1.0,30203.23
2023-04-12,1.0,29860.59
2023-04-13,1.0,30245.4
2023-04-14,1.0,30489.86
2023-04-15,1.0,30249.19
2023-04-16,1.0,30260.66
2023-04-17,1.0,29505.96
2023-04-18,1.0,30248.6
2023-04-19,1.0,28871.08
2023-04-20,1.0,28211.38
2023-04-21,1.0,27241.02
2023-04-22,1.0,27846.12
2023-04-23,1.0,27547.89
2023-04-24,1.0,27499.31
2023-04-25,1.0,28203.09
2023-04-26,1.0,28312.24
2023-04-27,1.0,29495.7
2023-04-28,1.0,29363.12
2023-04-29,1.0,29194.09
2023-04-30,1.0,29406.43
2023-05-01,1.0,28152.76
2023-05-02,1.0,28574.02
2023-05-03,1.0,29127.52
2023-05-04,1.0,28820.56
2023-05-05,1.0,29519.98
2023-05-06,1.0,28840.25
2023-05-07,0.0,28819.87
2023-05-08,0.0,27576.14
2023-05-09,0.0,27548.15
2023-05-10,0.0,27569.53
2023-05-11,0.0,26928.76
2023-05-12,0.0,26678.58
2023-05-13,0.0,26905.89
2023-05-14,0.0,26907.99
2023-05-15,0.0,27249.71
2023-05-16,0.0,26948.19
2023-05-17,0.0,27304.41
2023-05-18,0.0,26921.52
2023-05-19,0.0,26904.72
2023-05-20,0.0,27093.83
2023-05-21,0.0,26789.82
2023-05-22,0.0,26904.04
2023-05-23,0.0,27223.8
2023-05-24,0.0,26319.73
2023-05-25,0.0,26402.45
2023-05-26,0.0,26645.83
2023-05-27,0.0,26882.02
2023-05-28,0.0,28129.55
2023-05-29,0.0,27770.73
2023-05-30,0.0,27739.03
2023-05-31,0.0,27204.66
2023-06-01,0.0,26877.81
2023-06-02,0.0,27227.76
2023-06-03,0.0,27058.75
2023-06-04,0.0,27207.51
2023-06-05,0.0,25723.08
2023-06-06,0.0,27168.72
2023-06-07,0.0,26303.29
2023-06-08,0.0,26593.12
2023-06-09,0.0,26449.99
2023-06-10,0.0,25813.81
2023-06-11,0.0,25958.65
2023-06-12,0.0,25941.61
2023-06-13,0.0,25784.08
2023-06-14,0.0,25102.73
2023-06-15,0.0,25557.68
2023-06-16,0.0,26305.5
2023-06-17,0.0,26584.87
2023-06-18,0.0,26314.84
2023-06-19,0.0,26681.2
2023-06-20,0.0,28196.85
2023-06-21,0.0,30091.86
2023-06-22,0.0,29912.69
2023-06-23,0.0,30604.95
2023-06-24,0.0,30545.79
2023-06-25,0.0,30512.47
2023-06-26,0.0,30205.09
2023-06-27,0.0,30565.24
2023-06-28,0.0,30171.6
2023-06-29,0.0,30500.08
2023-06-30,1.0,30525.66
2023-07-01,1.0,30551.17
2023-07-02,1.0,30554.22
2023-07-03,1.0,31048.38
2023-07-04,1.0,30843.03
2023-07-05,1.0,30509.76
2023-07-06,1.0,30169.63
2023-07-07,1.0,30244.05
2023-07-08,1.0,30200.57
2023-07-09,1.0,30191.23
2023-07-10,1.0,30268.72
2023-07-11,1.0,30546.54
2023-07-12,1.0,30331.58
2023-07-13,1.0,31277.99
2023-07-14,1.0,30201.87
2023-07-15,1.0,30226.14
2023-07-16,1.0,30229.16
2023-07-17,1.0,30179.33
2023-07-18,1.0,29824.5
2023-07-19,1.0,29844.7
2023-07-20,1.0,29843.27
2023-07-21,1.0,29848.84
2023-07-22,1.0,29837.53
2023-07-23,1.0,29991.11
2023-07-24,1.0,29173.26
2023-07-25,1.0,29179.91
2023-07-26,1.0,29481.25
2023-07-27,1.0,29182.1
2023-07-28,1.0,29215.9
2023-07-29,1.0,29352.45
2023-07-30,1.0,29184.37
2023-07-31,1.0,29180.62
2023-08-01,1.0,29263.66
2023-08-02,1.0,29164.53
2023-08-03,1.0,29181.34
2023-08-04,1.0,29019.79
2023-08-05,1.0,29011.04
2023-08-06,1.0,29073.8
2023-08-07,1.0,29153.49
2023-08-08,1.0,29818.48
2023-08-09,1.0,29519.62
2023-08-10,1.0,29490.34
2023-08-11,1.0,29376.99
2023-08-12,1.0,29470.19
2023-08-13,1.0,29215.26
2023-08-14,1.0,29468.45
2023-08-15,0.0,29175.56
2023-08-16,0.0,28829.31
2023-08-17,0.0,26625.28
2023-08-18,0.0,26009.53
2023-08-19,0.0,26017.66
2023-08-20,0.0,26170.27
2023-08-21,0.0,26042.12
2023-08-22,0.0,25981.09
2023-08-23,0.0,26389.1
2023-08-24,0.0,26026.88
2023-08-25,0.0,26006.95
2023-08-26,0.0,26002.78
2023-08-27,0.0,26018.75
2023-08-28,0.0,26020.6
2023-08-29,0.0,27563.84
2023-08-30,0.0,27233.07
2023-08-31,0.0,25996.97
2023-09-01,0.0,25727.98
2023-09-02,0.0,25813.95
2023-09-03,0.0,25980.63
2023-09-04,0.0,25712.08
2023-09-05,0.0,25705.93
2023-09-06,0.0,25697.93
2023-09-07,0.0,26200.68
2023-09-08,0.0,25837.64
2023-09-09,0.0,25867.63
2023-09-10,0.0,25750.97
2023-09-11,0.0,25111.14
2023-09-12,0.0,25903.7
2023-09-13,0.0,26284.33
2023-09-14,0.0,26602.6
2023-09-15,0.0,26612.61
2023-09-16,0.0,26598.4
2023-09-17,0.0,26468.92
2023-09-18,0.0,26835.86
2023-09-19,0.0,27219.16
2023-09-20,0.0,27138.45
2023-09-21,0.0,26599.46
2023-09-22,0.0,26610.73
2023-09-23,0.0,26592.32
2023-09-24,0.0,26417.11
2023-09-25,0.0,26304.93
2023-09-26,0.0,26135.77
2023-09-27,0.0,26302.54
2023-09-28,0.0,26957.27
2023-09-29,0.0,26913.56
2023-09-30,0.0,26939.23
2023-10-01,0.0,27868.77
2023-10-02,0.0,27538.29
2023-10-03,0.0,27404.87
2023-10-04,0.0,27821.07
2023-10-05,0.0,27473.83
2023-10-06,0.0,27890.59
2023-10-07,0.0,27898.91
2023-10-08,0.0,27872.38
2023-10-09,0.0,27549.59
2023-10-10,0.0,27464.86
2023-10-11,0.0,26823.47
2023-10-12,0.0,26655.0
2023-10-13,0.0,26886.56
2023-10-14,0.0,26899.03
2023-10-15,0.0,27162.65
2023-10-16,0.0,28506.59
2023-10-17,0.0,28486.91
2023-10-18,0.0,28210.31
2023-10-19,0.0,28610.54
2023-10-20,0.0,29595.14
2023-10-21,0.0,29871.36
2023-10-22,0.0,29907.38
2023-10-23,0.0,33068.38
2023-10-24,0.0,33948.11
2023-10-25,0.0,34559.67
2023-10-26,0.0,34246.75
2023-10-27,0.0,33881.23
2023-10-28,0.0,34136.32
2023-10-29,0.0,34642.26
2023-10-30,0.0,34515.79
2023-10-31,0.0,34644.16
2023-11-01,0.0,35329.73
2023-11-02,1.0,34733.55
2023-11-03,1.0,34664.73
2023-11-04,1.0,35065.18
2023-11-05,1.0,34892.27
2023-11-06,1.0,35065.17
2023-11-07,1.0,35428.9
2023-11-08,1.0,35814.25
2023-11-09,1.0,36670.17
2023-11-10,1.0,37283.72
2023-11-11,1.0,36761.26
2023-11-12,1.0,37121.38
2023-11-13,1.0,36610.19
2023-11-14,1.0,35511.47
2023-11-15,1.0,37616.78
2023-11-16,1.0,36181.04
2023-11-17,1.0,36445.2
2023-11-18,1.0,36491.31
2023-11-19,1.0,37188.32
2023-11-20,1.0,37562.04
2023-11-21,1.0,36027.09
2023-11-22,1.0,37489.35
2023-11-23,1.0,37210.16
2023-11-24,1.0,37615.3
2023-11-25,1.0,37626.6
2023-11-26,1.0,37549.6
2023-11-27,1.0,37117.93
2023-11-28,1.0,37999.52
2023-11-29,1.0,37678.96
2023-11-30,1.0,37619.91
2023-12-01,1.0,38663.01
2023-12-02,1.0,39372.9
2023-12-03,1.0,39848.24
2023-12-04,1.0,41716.25
2023-12-05,1.0,44107.95
2023-12-06,1.0,43670.13
2023-12-07,1.0,43213.31
2023-12-08,1.0,44222.16
2023-12-09,1.0,43734.99
2023-12-10,1.0,43670.74
2023-12-11,1.0,41201.74
2023-12-12,1.0,41282.09
2023-12-13,1.0,43045.34
2023-12-14,1.0,43100.42
2023-12-15,1.0,42101.6
2023-12-16,1.0,42177.07
2023-12-17,1.0,41637.73
2023-12-18,0.0,42589.55
2023-12-19,0.0,42191.12
2023-12-20,0.0,43636.28
2023-12-21,0.0,43805.74
2023-12-22,0.0,43997.82
2023-12-23,0.0,43686.75
2023-12-24,0.0,43131.89
2023-12-25,0.0,43647.22
2023-12-26,0.0,42468.45
2023-12-27,1.0,43317.98
2023-12-28,1.0,42655.05
2023-12-29,1.0,41728.38
2023-12-30,1.0,42163.8
2023-12-31,1.0,42299.41
2024-01-01,1.0,43739.99
2024-01-02,1.0,45097.72
2024-01-03,1.0,42689.15
2024-01-04,1.0,44283.24
2024-01-05,1.0,44124.77
2024-01-06,1.0,43732.12
2024-01-07,1.0,43831.77
2024-01-08,1.0,46848.75
2024-01-09,1.0,46036.26
2024-01-10,1.0,46844.05
2024-01-11,1.0,46250.77
2024-01-12,1.0,42649.65
2024-01-13,1.0,42757.92
2024-01-14,1.0,42193.45
2024-01-15,1.0,42621.14
2024-01-16,1.0,43233.07
2024-01-17,1.0,42626.01
2024-01-18,1.0,41197.14
2024-01-19,1.0,41664.06
2024-01-20,1.0,41684.32
2024-01-21,1.0,41657.78
2024-01-22,1.0,39612.74
2024-01-23,1.0,39536.15
2024-01-24,1.0,39900.15
2024-01-25,1.0,39825.1
2024-01-26,1.0,41736.45
2024-01-27,1.0,42144.6
2024-01-28,1.0,41765.6
2024-01-29,1.0,43118.61
2024-01-30,1.0,43150.93
2024-01-31,1.0,42612.5
2024-02-01,1.0,42982.64
2024-02-02,1.0,43126.66
2024-02-03,1.0,43097.18
2024-02-04,1.0,42639.03
2024-02-05,1.0,42603.42
2024-02-06,1.0,43111.32
2024-02-07,1.0,44151.92
2024-02-08,1.0,45250.5
2024-02-09,1.0,47292.62
2024-02-10,1.0,47812.48
2024-02-11,0.0,48024.27
2024-02-12,0.0,50087.14
2024-02-13,0.0,49523.84
2024-02-14,0.0,51812.23
2024-02-15,0.0,51841.06
2024-02-16,0.0,51924.76
2024-02-17,0.0,51769.11
2024-02-18,0.0,52024.8
2024-02-19,1.0,51861.27
2024-02-20,1.0,52336.02
2024-02-21,1.0,51375.57
2024-02-22,1.0,51302.34
2024-02-23,1.0,50712.21
2024-02-24,1.0,51523.17
2024-02-25,1.0,51844.23
2024-02-26,1.0,54368.45
2024-02-27,1.0,56902.04
2024-02-28,1.0,62307.37
2024-02-29,1.0,61391.14
2024-03-01,1.0,62396.95
2024-03-02,1.0,61817.35
2024-03-03,1.0,62968.1
2024-03-04,1.0,67661.77
2024-03-05,1.0,63694.73
2024-03-06,1.0,66112.71
2024-03-07,1.0,66977.75
2024-03-08,1.0,68341.14
2024-03-09,1.0,68389.28
2024-03-10,1.0,68626.94
2024-03-11,1.0,72356.87
2024-03-12,1.0,71160.16
2024-03-13,1.0,73181.77
2024-03-14,1.0,71457.28
2024-03-15,1.0,68998.6
2024-03-16,1.0,65906.54
2024-03-17,1.0,68338.14
2024-03-18,1.0,67593.88
2024-03-19,1.0,61772.79
2024-03-20,1.0,67593.21
2024-03-21,1.0,65317.61
2024-03-22,1.0,63117.21
2024-03-23,1.0,64573.27
2024-03-24,1.0,67027.13
2024-03-25,1.0,69971.81
2024-03-26,1.0,69993.66
2024-03-27,1.0,69169.5
2024-03-28,1.0,70802.18
2024-03-29,1.0,69941.01
2024-03-30,1.0,69808.33
2024-03-31,1.0,70883.31
2024-04-01,1.0,69939.43
2024-04-02,1.0,65481.48
2024-04-03,1.0,66075.19
2024-04-04,1.0,68371.53
2024-04-05,1.0,67617.18
2024-04-06,1.0,69097.04
2024-04-07,1.0,69229.02
2024-04-08,1.0,71612.7
2024-04-09,1.0,69115.18
2024-04-10,1.0,70735.3
2024-04-11,1.0,70041.8
2024-04-12,0.0,66889.2
2024-04-13,0.0,64772.36
2024-04-14,0.0,65357.37
2024-04-15,0.0,63167.57
2024-04-16,0.0,63829.69
2024-04-17,0.0,61543.89
2024-04-18,0.0,63712.79
2024-04-19,0.0,63740.37
2024-04-20,0.0,64627.63
2024-04-21,0.0,64944.5
2024-04-22,0.0,66858.93
2024-04-23,0.0,66208.76
2024-04-24,0.0,63977.66
2024-04-25,0.0,64550.29
2024-04-26,0.0,63815.94
2024-04-27,0.0,63139.89
2024-04-28,0.0,63141.28
2024-04-29,0.0,63811.77
2024-04-30,0.0,60419.03
2024-05-01,0.0,57720.92
2024-05-02,0.0,59027.41
2024-05-03,0.0,62959.68
2024-05-04,0.0,63808.4
2024-05-05,0.0,63923.74
2024-05-06,0.0,63164.26
2024-05-07,0.0,62657.09
2024-05-08,0.0,60971.56
2024-05-09,0.0,62681.9
2024-05-10,0.0,60939.4
2024-05-11,0.0,60944.68
2024-05-12,0.0,61213.29
2024-05-13,0.0,62901.62
2024-05-14,0.0,61657.19
2024-05-15,0.0,66039.73
2024-05-16,0.0,65307.39
2024-05-17,0.0,66829.74
2024-05-18,0.0,66834.98
2024-05-19,0.0,66137.9
2024-05-20,0.0,70034.2
2024-05-21,0.0,69983.07
2024-05-22,1.0,69142.47
2024-05-23,1.0,67595.32
2024-05-24,1.0,68600.7
2024-05-25,1.0,69168.11
2024-05-26,1.0,68414.01
2024-05-27,1.0,69246.52
2024-05-28,1.0,68382.77
2024-05-29,1.0,67572.59
2024-05-30,1.0,68365.0
2024-05-31,1.0,67482.91
2024-06-01,1.0,67605.06
2024-06-02,1.0,67663.45
2024-06-03,1.0,69040.69
2024-06-04,1.0,70618.15
2024-06-05,1.0,70924.85
2024-06-06,1.0,70812.54
2024-06-07,1.0,69206.05
2024-06-08,1.0,69215.61
2024-06-09,1.0,69727.75
2024-06-10,1.0,69305.69
2024-06-11,1.0,67310.77
2024-06-12,1.0,68324.24
2024-06-13,1.0,66835.56
2024-06-14,1.0,66047.82
2024-06-15,1.0,66089.7
2024-06-16,1.0,66785.82
2024-06-17,1.0,66525.71
2024-06-18,1.0,65213.01
2024-06-19,1.0,64723.51
2024-06-20,1.0,64763.79
2024-06-21,1.0,63892.08
2024-06-22,1.0,64348.82
2024-06-23,1.0,63614.62
2024-06-24,1.0,60245.89
2024-06-25,1.0,61735.23
2024-06-26,1.0,60930.82
2024-06-27,1.0,61640.89
2024-06-28,1.0,60242.22
2024-06-29,1.0,60946.03
2024-06-30,1.0,62747.75
2024-07-01,1.0,63063.53
2024-07-02,1.0,61864.77
2024-07-03,1.0,60256.35
2024-07-04,1.0,58125.77
2024-07-05,1.0,56806.31
2024-07-06,1.0,58224.41
2024-07-07,0.0,56276.25
2024-07-08,0.0,56794.76
2024-07-09,0.0,58014.39
2024-07-10,0.0,57540.79
2024-07-11,0.0,57405.23
2024-07-12,0.0,57653.23
2024-07-13,0.0,59324.46
2024-07-14,0.0,60967.75
2024-07-15,0.0,64497.88
2024-07-16,0.0,64866.72
2024-07-17,0.0,64292.12
2024-07-18,0.0,63863.23
2024-07-19,0.0,66804.53
2024-07-20,0.0,66921.57
2024-07-21,0.0,68067.98
2024-07-22,1.0,67574.69
2024-07-23,1.0,66034.69
2024-07-24,1.0,65306.58
2024-07-25,1.0,65633.47
2024-07-26,1.0,67719.78
2024-07-27,1.0,68376.55
2024-07-28,1.0,68129.45
2024-07-29,1.0,66850.73
2024-07-30,1.0,66113.52
2024-07-31,1.0,64620.36
2024-08-01,1.0,65104.83
2024-08-02,1.0,61880.78
2024-08-03,1.0,60579.01
2024-08-04,1.0,58448.99
2024-08-05,1.0,54779.1
2024-08-06,1.0,56187.1
2024-08-07,1.0,55049.37
2024-08-08,1.0,62167.49
2024-08-09,1.0,60475.19
2024-08-10,1.0,60946.65
2024-08-11,1.0,58863.85
2024-08-12,1.0,59023.73
2024-08-13,1.0,60456.29
2024-08-14,1.0,58894.3
2024-08-15,1.0,57534.86
2024-08-16,1.0,58909.7
2024-08-17,1.0,59515.52
2024-08-18,1.0,58992.06
2024-08-19,1.0,59057.03
2024-08-20,1.0,59091.94
2024-08-21,1.0,61088.04
2024-08-22,1.0,60296.82
2024-08-23,1.0,64131.27
2024-08-24,1.0,63848.08
2024-08-25,1.0,64551.06
2024-08-26,1.0,63081.19
2024-08-27,1.0,59537.48
2024-08-28,1.0,58969.99
2024-08-29,1.0,59306.92
2024-08-30,1.0,59010.21
2024-08-31,1.0,58886.32
2024-09-01,1.0,57501.2
2024-09-02,1.0,59042.05
2024-09-03,1.0,57574.77
2024-09-04,1.0,58167.62
2024-09-05,1.0,56158.18
2024-09-06,0.0,53720.55
2024-09-07,0.0,53905.07
2024-09-08,0.0,54890.73
2024-09-09,0.0,57139.21
2024-09-10,0.0,57568.08
2024-09-11,0.0,57498.03
2024-09-12,0.0,58195.27
2024-09-13,0.0,60334.27
2024-09-14,0.0,60144.97
2024-09-15,0.0,59103.76
2024-09-16,0.0,58127.12
2024-09-17,0.0,60240.9
2024-09-18,1.0,60705.02
2024-09-19,1.0,63053.58
2024-09-20,1.0,63105.98
2024-09-21,1.0,63156.0
2024-09-22,1.0,63628.04
2024-09-23,1.0,63159.89
2024-09-24,1.0,64461.12
2024-09-25,1.0,63088.87
2024-09-26,1.0,64957.31
2024-09-27,1.0,65902.26
2024-09-28,1.0,65618.0
2024-09-29,1.0,65562.5
2024-09-30,1.0,63378.53
2024-10-01,1.0,60913.79
2024-10-02,1.0,60823.07
2024-10-03,1.0,60917.91
2024-10-04,1.0,62216.0
2024-10-05,1.0,61863.79
2024-10-06,1.0,62601.52
2024-10-07,1.0,62895.29
2024-10-08,1.0,62287.41
2024-10-09,1.0,60765.56
2024-10-10,1.0,60255.65
2024-10-11,1.0,62391.21
2024-10-12,1.0,63082.97
2024-10-13,1.0,62629.18
2024-10-14,1.0,66063.83
2024-10-15,1.0,66791.37
2024-10-16,1.0,67619.03
2024-10-17,1.0,67375.77
2024-10-18,1.0,68383.55
2024-10-19,1.0,68391.8
2024-10-20,1.0,69130.9
2024-10-21,1.0,67596.15
2024-10-22,1.0,67619.85
2024-10-23,1.0,66478.87
2024-10-24,1.0,68186.55
2024-10-25,1.0,66459.12
2024-10-26,1.0,66857.48
2024-10-27,1.0,67833.2
2024-10-28,1.0,69948.84
2024-10-29,1.0,72516.5
2024-10-30,1.0,72443.87
2024-10-31,1.0,70195.51
2024-11-01,1.0,69251.79
2024-11-02,1.0,69223.39
2024-11-03,0.0,68573.74
2024-11-04,0.0,67610.05
2024-11-05,0.0,69439.84
2024-11-06,0.0,75815.83
2024-11-07,0.0,75865.62
2024-11-08,0.0,76616.34
2024-11-09,0.0,76725.53
2024-11-10,0.0,80325.27
2024-11-11,0.0,88980.79
2024-11-12,0.0,88193.92
2024-11-13,0.0,90046.78
2024-11-14,0.0,87404.46
2024-11-15,0.0,91194.33
2024-11-16,0.0,90455.72
2024-11-17,0.0,89322.04
2024-11-18,1.0,90726.66
2024-11-19,1.0,92151.38
2024-11-20,1.0,94263.8
2024-11-21,1.0,98634.69
2024-11-22,1.0,98883.17
2024-11-23,1.0,97695.58
2024-11-24,1.0,97782.22
2024-11-25,1.0,93579.64
2024-11-26,1.0,91945.24
2024-11-27,1.0,96015.45
2024-11-28,1.0,95522.78
2024-11-29,1.0,97572.82
2024-11-30,1.0,96565.7
2024-12-01,1.0,97426.41
2024-12-02,1.0,95508.95
2024-12-03,1.0,95733.04
2024-12-04,1.0,98792.37
2024-12-05,1.0,96664.19
2024-12-06,1.0,100282.55
2024-12-07,1.0,99971.27
2024-12-08,1.0,100271.65
2024-12-09,1.0,97281.86
2024-12-10,1.0,96724.28
2024-12-11,1.0,101182.05
2024-12-12,1.0,100104.27
2024-12-13,1.0,101169.33
2024-12-14,1.0,101149.01
2024-12-15,1.0,104423.84
2024-12-16,1.0,105896.31
2024-12-17,1.0,105972.57
2024-12-18,1.0,101043.67
2024-12-19,1.0,97716.58
2024-12-20,1.0,97652.81
2024-12-21,1.0,96803.61
2024-12-22,1.0,95250.42
2024-12-23,1.0,94591.4
2024-12-24,1.0,98822.75
2024-12-25,1.0,98843.71
2024-12-26,1.0,95490.64
2024-12-27,1.0,94389.52
2024-12-28,1.0,95138.86
2024-12-29,1.0,93354.48
2024-12-30,1.0,92345.06
2024-12-31,1.0,93373.52
2025-01-01,1.0,94460.79
2025-01-02,1.0,96613.46
2025-01-03,0.0,97956.89
2025-01-04,0.0,98026.83
2025-01-05,0.0,98706.82
2025-01-06,0.0,102273.4
2025-01-07,0.0,96717.35
2025-01-08,0.0,94797.87
2025-01-09,0.0,92287.1
2025-01-10,0.0,94522.52
2025-01-11,0.0,94491.4
2025-01-12,0.0,94300.8
2025-01-13,0.0,94422.92
2025-01-14,0.0,96607.87
2025-01-15,1.0,99947.84
2025-01-16,1.0,99879.84
2025-01-17,1.0,104601.24
2025-01-18,1.0,104366.67
2025-01-19,1.0,101082.72
2025-01-20,1.0,103099.9
2025-01-21,1.0,105968.39
2025-01-22,1.0,103756.5
2025-01-23,1.0,104076.32
2025-01-24,1.0,104761.7
2025-01-25,1.0,104750.8
2025-01-26,1.0,103518.73
2025-01-27,1.0,101909.18
2025-01-28,1.0,101095.61
2025-01-29,1.0,103711.82
2025-01-30,1.0,104829.87
2025-01-31,1.0,102231.71
2025-02-01,1.0,100487.62
2025-02-02,1.0,97230.22
2025-02-03,1.0,101406.12
2025-02-04,1.0,96951.85
2025-02-05,1.0,96598.65
2025-02-06,1.0,96594.09
2025-02-07,1.0,95972.42
2025-02-08,1.0,96610.42
2025-02-09,1.0,95740.57
2025-02-10,1.0,97475.27
2025-02-11,1.0,95670.57
2025-02-12,1.0,97744.64
2025-02-13,1.0,96576.89
2025-02-14,1.0,97547.31
2025-02-15,1.0,97704.52
2025-02-16,1.0,96552.96
2025-02-17,1.0,95602.97
2025-02-18,1.0,95471.64
2025-02-19,1.0,96611.83
2025-02-20,1.0,98211.33
2025-02-21,1.0,95620.51
2025-02-22,1.0,96602.24
2025-02-23,1.0,95643.07
2025-02-24,1.0,92381.72
2025-02-25,1.0,88934.51
2025-02-26,1.0,84117.77
2025-02-27,1.0,84163.22
2025-02-28,1.0,84116.05
2025-03-01,1.0,85966.82
2025-03-02,0.0,94370.09
2025-03-03,0.0,86210.31
2025-03-04,0.0,87191.63
2025-03-05,0.0,90231.9
2025-03-06,0.0,90255.29
2025-03-07,0.0,86337.59
2025-03-08,0.0,86132.85
2025-03-09,0.0,80533.62
2025-03-10,0.0,79320.57
2025-03-11,0.0,82895.03
2025-03-12,0.0,83276.29
2025-03-13,0.0,81254.57
2025-03-14,0.0,84149.47
2025-03-15,0.0,84162.67
2025-03-16,0.0,82307.68
2025-03-17,0.0,84082.65
2025-03-18,0.0,82395.67
2025-03-19,0.0,86439.4
2025-03-20,0.0,84127.68
2025-03-21,0.0,84147.43
2025-03-22,0.0,83975.45
2025-03-23,0.0,85395.4
2025-03-24,0.0,87171.65
2025-03-25,0.0,87642.34
2025-03-26,0.0,86968.54
2025-03-27,0.0,87150.46
2025-03-28,0.0,84125.0
2025-03-29,0.0,82312.89
2025-03-30,0.0,82236.59
2025-03-31,0.0,82291.37
2025-04-01,0.0,85128.69
2025-04-02,0.0,82462.21
2025-04-03,0.0,82861.99
2025-04-04,0.0,83960.6
2025-04-05,0.0,83166.79
2025-04-06,0.0,77664.72
2025-04-07,0.0,79593.19
2025-04-08,0.0,76469.42
2025-04-09,0.0,83062.06
2025-04-10,0.0,79486.65
2025-04-11,0.0,83229.73
2025-04-12,0.0,85152.73
2025-04-13,0.0,83295.39
2025-04-14,0.0,84455.32
2025-04-15,0.0,83842.49
2025-04-16,0.0,84167.83
2025-04-17,0.0,85039.58
2025-04-18,0.0,84245.75
2025-04-19,0.0,85114.78
2025-04-20,0.0,85059.54
2025-04-21,1.0,87117.94
2025-04-22,1.0,93294.05
2025-04-23,1.0,93416.13
2025-04-24,1.0,93433.85
2025-04-25,1.0,94619.23
2025-04-26,1.0,94492.0
2025-04-27,1.0,93651.62
2025-04-28,1.0,94827.22
2025-04-29,1.0,94336.91
2025-04-30,1.0,94352.92
2025-05-01,1.0,96566.68
2025-05-02,1.0,96611.96
2025-05-03,1.0,96007.03
2025-05-04,1.0,94706.76
2025-05-05,1.0,94729.67
2025-05-06,1.0,96436.86
2025-05-07,1.0,96980.21
2025-05-08,1.0,102737.67
2025-05-09,1.0,102659.65
2025-05-10,1.0,103803.42
2025-05-11,1.0,103669.59
2025-05-12,1.0,102714.2
2025-05-13,1.0,103898.53
2025-05-14,1.0,103537.57
2025-05-15,1.0,103553.33
2025-05-16,1.0,103542.54
2025-05-17,1.0,103282.49
2025-05-18,1.0,105818.84
2025-05-19,1.0,105659.41
2025-05-20,1.0,106904.59
2025-05-21,1.0,109529.81
2025-05-22,1.0,110960.94
2025-05-23,1.0,107641.51
2025-05-24,1.0,108157.47
2025-05-25,1.0,108428.6
2025-05-26,1.0,109561.08
2025-05-27,1.0,109096.19
2025-05-28,1.0,107649.79
2025-05-29,1.0,105897.24
2025-05-30,1.0,103725.29
2025-05-31,1.0,104710.47
2025-06-01,1.0,105821.35
2025-06-02,1.0,105827.35
2025-06-03,1.0,105800.31
2025-06-04,1.0,104736.97
2025-06-05,1.0,101351.62
2025-06-06,1.0,104600.8
2025-06-07,1.0,105860.43
2025-06-08,1.0,105881.8
2025-06-09,0.0,109794.09
2025-06-10,0.0,109743.83
2025-06-11,0.0,108426.23
2025-06-12,0.0,105955.19
2025-06-13,0.0,105881.18
2025-06-14,0.0,105322.44
2025-06-15,0.0,105207.65
2025-06-16,0.0,107462.28
2025-06-17,0.0,104677.81
2025-06-18,0.0,104738.8
2025-06-19,0.0,104708.63
2025-06-20,0.0,103423.33
2025-06-21,0.0,101329.79
2025-06-22,0.0,100924.39
2025-06-23,0.0,105205.36
2025-06-24,0.0,105942.3
2025-06-25,0.0,107195.23
2025-06-26,0.0,107135.68
2025-06-27,0.0,107151.1
2025-06-28,0.0,107194.17
2025-06-29,0.0,108366.18
2025-06-30,0.0,107163.82
2025-07-01,0.0,105794.69
2025-07-02,0.0,108744.97
2025-07-03,0.0,109681.42
2025-07-04,0.0,108284.64
2025-07-05,0.0,108358.9
2025-07-06,0.0,109299.54
2025-07-07,0.0,108309.63
2025-07-08,0.0,108578.05
2025-07-09,1.0,111054.15
2025-07-10,1.0,115986.14
2025-07-11,1.0,117531.61
2025-07-12,1.0,117481.95
2025-07-13,1.0,118798.03
2025-07-14,1.0,120146.01
2025-07-15,1.0,117543.48
2025-07-16,1.0,119055.25
2025-07-17,1.0,119961.35
2025-07-18,1.0,117648.14
2025-07-19,1.0,117624.64
2025-07-20,1.0,117470.75
2025-07-21,1.0,117493.93
2025-07-22,1.0,119896.63
2025-07-23,1.0,118722.18
2025-07-24,1.0,118626.16
2025-07-25,1.0,117459.59
2025-07-26,1.0,117736.89
2025-07-27,1.0,119100.18
2025-07-28,1.0,117755.37
2025-07-29,1.0,117641.33
2025-07-30,1.0,117495.1
2025-07-31,1.0,116120.39
2025-08-01,1.0,113478.76
2025-08-02,1.0,112339.13
2025-08-03,1.0,114132.26
2025-08-04,1.0,114982.17
2025-08-05,1.0,113686.92
2025-08-06,1.0,114829.92
2025-08-07,1.0,117453.18
2025-08-08,1.0,116708.84
2025-08-09,1.0,116247.21
2025-08-10,1.0,118893.82
2025-08-11,1.0,118782.25
2025-08-12,1.0,120155.92
2025-08-13,1.0,123130.99
2025-08-14,1.0,118700.16
2025-08-15,1.0,117452.88
2025-08-16,1.0,117480.26
2025-08-17,1.0,117582.68
2025-08-18,1.0,116263.96
2025-08-19,1.0,113320.59
2025-08-20,1.0,114355.02
2025-08-21,1.0,112215.59
2025-08-22,1.0,116461.36
2025-08-23,1.0,114969.28
2025-08-24,0.0,113519.27
2025-08-25,0.0,109885.57
2025-08-26,0.0,112118.16
2025-08-27,0.0,111049.64
2025-08-28,0.0,112240.32
2025-08-29,0.0,108393.1
2025-08-30,0.0,108423.49
2025-08-31,0.0,108563.81
2025-09-01,0.0,108596.61
2025-09-02,0.0,110959.69
2025-09-03,0.0,111908.97
2025-09-04,0.0,110898.63
2025-09-05,0.0,110870.46
2025-09-06,0.0,109938.37
2025-09-07,0.0,111045.26
2025-09-08,0.0,112168.92
2025-09-09,0.0,111107.56
2025-09-10,0.0,113629.8
2025-09-11,0.0,114992.93
2025-09-12,0.0,116147.96
2025-09-13,0.0,116081.21
2025-09-14,0.0,115795.59
2025-09-15,0.0,115030.35
2025-09-16,1.0,116733.15
2025-09-17,1.0,116295.84
2025-09-18,1.0,117041.03
2025-09-19,1.0,115674.14
2025-09-20,1.0,116022.99
2025-09-21,1.0,115089.38
2025-09-22,1.0,112392.4
2025-09-23,1.0,112161.17
2025-09-24,1.0,113418.36
2025-09-25,1.0,109589.7
2025-09-26,1.0,109619.8
2025-09-27,1.0,109629.89
2025-09-28,1.0,112055.14
2025-09-29,1.0,114011.67
2025-09-30,1.0,113699.81
2025-10-01,1.0,117739.73
2025-10-02,1.0,120226.87
2025-10-03,1.0,122425.66
2025-10-04,1.0,122032.05
2025-10-05,1.0,123155.12
2025-10-06,1.0,124672.41
2025-10-07,1.0,121697.21
2025-10-08,1.0,123101.91
2025-10-09,1.0,121587.9
2025-10-10,1.0,113729.1
2025-10-11,1.0,110944.48
2025-10-12,1.0,114915.63
2025-10-13,1.0,115284.24
2025-10-14,1.0,113449.13
2025-10-15,1.0,110936.1
2025-10-16,1.0,108281.67
2025-10-17,1.0,106995.08
2025-10-18,1.0,107176.07
2025-10-19,1.0,108648.11
2025-10-20,1.0,110893.6
2025-10-21,1.0,108853.53
2025-10-22,1.0,107230.61
2025-10-23,1.0,109786.95
2025-10-24,1.0,110911.51
2025-10-25,1.0,111414.33
2025-10-26,1.0,114719.77
2025-10-27,1.0,113826.07
2025-10-28,1.0,113186.28
2025-10-29,1.0,110824.46
2025-10-30,1.0,107571.52
2025-10-31,1.0,109678.04
2025-11-01,0.0,109769.88
2025-11-02,0.0,109877.2
2025-11-03,0.0,106150.4
2025-11-04,0.0,101110.55
2025-11-05,0.0,103609.3
2025-11-06,0.0,101173.02
2025-11-07,0.0,103569.46
2025-11-08,0.0,102316.64
2025-11-09,0.0,104653.43
2025-11-10,0.0,105902.71
2025-11-11,0.0,102899.12
2025-11-12,0.0,101722.09
2025-11-13,0.0,99770.43
2025-11-14,0.0,94642.01
2025-11-15,0.0,95521.78
2025-11-16,0.0,94140.65
2025-11-17,0.0,92102.6
2025-11-18,0.0,93121.55
2025-11-19,0.0,91077.39
2025-11-20,0.0,87186.46
2025-11-21,0.0,84887.42
2025-11-22,0.0,84929.48
2025-11-23,0.0,87097.56
2025-11-24,0.0,88304.02
2025-11-25,0.0,87274.96
2025-11-26,0.0,90216.29
2025-11-27,0.0,91225.54
2025-11-28,0.0,91130.77
2025-11-29,0.0,90937.76
2025-11-30,0.0,90942.54
2025-12-01,0.0,86355.57
2025-12-02,0.0,91462.29
2025-12-03,0.0,93402.58
2025-12-04,0.0,92254.55
2025-12-05,0.0,89153.45
2025-12-06,0.0,89133.05
2025-12-07,0.0,90059.71
2025-12-08,0.0,90944.19
2025-12-09,0.0,92566.41
2025-12-10,0.0,92240.13
2025-12-11,0.0,92365.71
2025-12-12,0.0,90173.44
2025-12-13,0.0,90169.92
2025-12-14,0.0,88143.26
2025-12-15,0.0,86143.47
2025-12-16,0.0,87847.79
2025-12-17,0.0,86104.66
2025-12-18,0.0,85235.69
2025-12-19,0.0,88104.27
2025-12-20,0.0,88121.37
2025-12-21,0.0,88204.43
2025-12-22,0.0,88258.11
2025-12-23,0.0,87170.1
2025-12-24,0.0,87693.35
2025-12-25,0.0,87341.58
2025-12-26,0.0,87217.98
2025-12-27,0.0,87685.77
2025-12-28,0.0,87609.64
2025-12-29,0.0,87108.55
2025-12-30,0.0,88154.53
2025-12-31,0.0,87291.86
2026-01-01,0.0,88448.95
2026-01-02,0.0,90145.35
2026-01-03,0.0,90300.85
2026-01-04,0.0,91231.13
2026-01-05,0.0,94208.64
2026-01-06,0.0,93321.48
2026-01-07,0.0,91171.67
2026-01-08,0.0,91163.02
2026-01-09,0.0,90265.31
2026-01-10,0.0,90197.47
2026-01-11,0.0,90396.55
2026-01-12,0.0,91201.01
2026-01-13,0.0,95474.68
2026-01-14,0.0,97089.48
2026-01-15,0.0,95514.28
2026-01-16,0.0,95491.29
2026-01-17,0.0,95169.12
2026-01-18,0.0,95341.62
2026-01-19,0.0,92417.62
2026-01-20,0.0,88416.01
2026-01-21,0.0,89853.94
2026-01-22,0.0,89207.28
2026-01-23,0.0,89223.4
2026-01-24,0.0,89142.15
2026-01-25,0.0,86150.55
2026-01-26,0.0,88089.04
2026-01-27,0.0,89138.78
2026-01-28,0.0,89106.74
2026-01-29,0.0,84162.46
2026-01-30,0.0,84086.21
2026-01-31,0.0,78489.63
2026-02-01,0.0,76840.37
2026-02-02,0.0,78564.03
2026-02-03,0.0,75827.62
2026-02-04,0.0,72896.27
2026-02-05,0.0,63960.69
2026-02-06,0.0,70866.09
2026-02-07,0.0,69184.54
2026-02-08,0.0,70716.78
2026-02-09,0.0,70130.11
2026-02-10,0.0,68463.88
2026-02-11,0.0,67223.2
2026-02-12,0.0,66120.0
2026-02-13,0.0,68914.41
2026-02-14,0.0,69929.0
2026-02-15,0.0,68530.75
2026-02-16,0.0,68504.29
2026-02-17,0.0,67584.7
2026-02-18,0.0,66229.12
2026-02-19,0.0,66844.32
2026-02-20,0.0,67718.23
2026-02-21,0.0,68148.25
2026-02-22,0.0,67588.61
2026-02-23,0.0,64652.66
2026-02-24,0.0,63948.94
2026-02-25,0.0,68319.15
2026-02-26,0.0,67588.75
2026-02-27,0.0,65560.05
2026-02-28,0.0,66909.88
2026-03-01,0.0,65676.54
2026-03-02,0.0,69115.81
2026-03-03,0.0,68399.4
2026-03-04,0.0,72812.18
2026-03-05,0.0,71031.6
2026-03-06,0.0,68374.58
2026-03-07,0.0,67389.65
2026-03-08,0.0,66183.95
2026-03-09,0.0,68527.58
2026-03-10,0.0,69808.73
2026-03-11,0.0,70331.35
2026-03-12,0.0,70233.42
2026-03-13,0.0,70846.75
2026-03-14,0.0,70905.33
2026-03-15,0.0,72473.79
2026-03-16,0.0,74380.82
2026-03-17,0.0,74135.37
2026-03-18,0.0,71029.13
2026-03-19,0.0,69992.9
2026-03-20,0.0,70671.39
2026-03-21,0.0,70072.02
2026-03-22,0.0,68245.78
2026-03-23,0.0,70770.52
2026-03-24,0.0,70175.03
2026-03-25,0.0,71250.8
2026-03-26,0.0,68554.36
2026-03-27,0.0,66066.39
2026-03-28,0.0,66343.27
2026-03-29,0.0,66119.59
2026-03-30,0.0,66745.09
2026-03-31,0.0,68266.98
2026-04-01,0.0,68256.91
2026-04-02,0.0,66860.33
2026-04-03,0.0,66834.57
2026-04-04,0.0,67389.54
2026-04-05,0.0,68732.22
2026-04-06,0.0,68655.94
2026-04-07,0.0,71900.42
2026-04-08,0.0,70931.44
2026-04-09,0.0,71708.04
2026-04-10,0.0,72927.82
2026-04-11,0.0,73285.01
2026-04-12,0.0,70775.86
2026-04-13,0.0,74701.15
2026-04-14,0.0,74136.2
2026-04-15,0.0,74948.73
2026-04-16,0.0,74969.38
2026-04-17,0.0,76942.51
2026-04-18,0.0,75865.56
2026-04-19,0.0,74094.84
2026-04-20,0.0,75866.85
2026-04-21,0.0,75902.11
2026-04-22,0.0,78511.47
2026-04-23,0.0,78314.95
2026-04-24,0.0,77600.6
2026-04-25,0.0,77617.92
2026-04-26,0.0,78470.63
2026-04-27,0.0,76843.9
2026-04-28,0.0,76083.58
2026-04-29,0.0,75861.2
2026-04-30,0.0,76106.22
2026-05-01,0.0,78106.54
2026-05-02,0.0,78574.23
2026-05-03,0.0,78657.11
2026-05-04,0.0,79845.98
2026-05-05,0.0,81189.14
2026-05-06,0.0,81298.61
2026-05-07,0.0,79802.42
2026-05-08,0.0,80312.72
2026-05-09,0.0,80467.24
2026-05-10,0.0,82152.52
2026-05-11,0.0,81630.4
2026-05-12,0.0,80394.05
2026-05-13,0.0,79419.31
2026-05-14,0.0,81280.42
2026-05-15,0.0,79136.63
2026-05-16,0.0,78286.58
2026-05-17,0.0,77709.76
2026-05-18,0.0,76815.1
2026-05-19,0.0,76739.61
2026-05-20,0.0,77422.36
2026-05-21,0.0,77633.48
2026-05-22,0.0,75824.23
2026-05-23,0.0,76685.06
2026-05-24,0.0,76775.73
2026-05-25,0.0,77122.36
2026-05-26,0.0,75867.67
2026-05-27,0.0,74171.78
2026-05-28,0.0,73333.27
2026-05-29,0.0,73303.61
2026-05-30,0.0,73766.08
2026-05-31,0.0,73844.88
2026-06-01,0.0,71338.33
2026-06-02,0.0,66853.7
2026-06-03,0.0,64751.85
2026-06-04,0.0,63257.25
2026-06-05,0.0,61526.79
2026-06-06,0.0,60758.81
2026-06-07,0.0,63065.98
2026-06-08,0.0,63227.95
2026-06-09,0.0,61679.38
2026-06-10,0.0,61344.37
2026-06-11,0.0,63259.61
2026-06-12,0.0,63328.99
2026-06-13,0.0,64483.5
2026-06-14,0.0,65365.32
2026-06-15,0.0,66095.44
2026-06-16,0.0,65449.5
2026-06-17,0.0,64464.53
2026-06-18,0.0,62818.8
2026-06-19,0.0,63112.66
2026-06-20,0.0,64281.67
2026-06-21,0.0,63362.23
2026-06-22,0.0,64488.59
